contract_value_inr,equipment_age_years,total_service_calls,avg_resolution_time_days,unresolved_complaints,missed_scheduled_visits,repeat_complaints,previous_renewals,days_to_expiry,renewal_reminder_sent,last_renewal_delay_days,contract_duration_days,service_call_rate,days_since_last_service,renewal_loyalty_score,expiry_month,city_encoded,equipment_brand_encoded,contract_tier_encoded,equipment_type_encoded
24000,10,7,3.6,5,0,0,9,203,0,-1,365,0.019178082191780823,80.0,216000,12,0,2,1,0
22000,2,2,6.1,0,2,1,5,57,0,8,182,0.01098901098901099,188.0,110000,7,3,0,2,2
47500,2,1,4.8,1,3,1,4,105,0,28,547,0.0018281535648994515,48.0,190000,8,4,4,1,0
14500,4,3,5.5,1,2,0,2,-23,1,17,730,0.00410958904109589,303.0,29000,4,0,5,2,2
19000,11,27,5.6,6,2,0,2,20,1,27,365,0.07397260273972603,46.0,38000,6,1,5,2,2
9000,3,2,5.4,0,2,0,3,257,0,11,182,0.01098901098901099,330.0,27000,1,7,2,0,2
5500,7,11,6.8,4,0,0,1,188,0,17,365,0.030136986301369864,177.0,5500,11,5,2,0,2
9000,3,5,2.7,0,3,0,6,69,0,-1,365,0.0136986301369863,334.0,54000,7,2,1,0,2
32000,10,26,1.1,4,0,0,5,238,0,34,365,0.07123287671232877,216.0,160000,1,4,1,1,0
10000,4,6,4.7,3,1,0,3,-12,1,35,365,0.01643835616438356,151.0,30000,4,6,0,0,2
11000,8,15,4.7,5,0,1,6,51,0,-8,182,0.08241758241758242,320.0,66000,7,3,0,0,2
10000,11,6,6.9,4,1,0,2,227,0,30,365,0.01643835616438356,46.0,20000,12,2,5,0,2
15500,3,3,8.2,3,0,0,1,325,0,-4,182,0.016483516483516484,226.0,15500,4,3,4,2,2
12000,5,5,6.4,0,1,0,2,159,0,4,365,0.0136986301369863,43.0,24000,10,4,5,0,2
10500,2,2,2.1,2,0,0,9,300,0,14,365,0.005479452054794521,338.0,94500,3,3,5,0,1
37000,11,15,1.5,6,0,0,2,360,0,38,547,0.027422303473491772,120.0,74000,5,5,3,1,2
16500,5,0,0.0,0,0,0,4,270,0,28,182,0.0,349.0,66000,2,0,4,2,2
10000,3,5,8.1,1,3,0,2,234,0,31,365,0.0136986301369863,129.0,20000,1,5,1,0,2
6000,1,1,1.9,0,3,0,7,295,0,23,365,0.0027397260273972603,233.0,42000,3,1,0,0,2
13500,4,5,2.0,4,2,0,8,28,1,25,365,0.0136986301369863,219.0,108000,6,6,4,2,2
8000,2,1,9.7,1,1,0,7,152,0,43,547,0.0018281535648994515,247.0,56000,10,0,0,0,1
45000,7,17,0.8,3,3,0,3,171,0,4,365,0.04657534246575343,146.0,135000,10,2,4,1,0
9000,12,19,7.0,4,2,0,4,114,0,7,730,0.026027397260273973,50.0,36000,9,7,2,0,2
16500,10,21,2.5,1,2,0,5,322,0,7,365,0.057534246575342465,77.0,82500,3,0,1,2,0
6000,3,2,9.6,2,1,1,8,204,0,15,365,0.005479452054794521,317.0,48000,12,2,5,0,2
9500,13,22,8.1,2,3,0,5,213,0,-3,182,0.12087912087912088,335.0,47500,12,3,4,0,2
6000,5,11,8.4,4,2,0,4,138,0,42,730,0.015068493150684932,328.0,24000,9,5,5,0,2
12500,6,12,1.5,3,2,1,8,294,0,16,365,0.03287671232876712,69.0,100000,3,3,2,2,0
22000,14,23,1.5,5,0,1,4,34,0,31,730,0.031506849315068496,285.0,88000,6,7,1,1,0
6500,13,26,4.4,6,0,1,7,61,0,23,365,0.07123287671232877,224.0,45500,7,4,0,0,2
14000,1,0,0.0,0,0,0,2,-26,1,7,365,0.0,349.0,28000,4,1,4,2,2
12000,14,23,8.7,1,0,0,3,-27,1,25,547,0.04204753199268738,100.0,36000,4,4,5,0,1
9500,12,7,4.9,2,1,0,5,337,0,20,365,0.019178082191780823,87.0,47500,4,0,4,0,0
18500,3,0,0.0,0,0,0,4,258,0,12,547,0.0,349.0,74000,1,2,2,2,2
16000,4,3,2.9,3,1,0,5,345,0,38,547,0.005484460694698354,172.0,80000,4,5,5,2,2
21500,12,17,8.1,5,1,0,6,340,0,-8,365,0.04657534246575343,66.0,129000,4,3,2,2,0
9000,8,10,3.7,1,0,0,1,257,0,3,730,0.0136986301369863,187.0,9000,1,4,3,0,2
21000,1,1,4.6,0,0,1,6,-28,1,36,365,0.0027397260273972603,255.0,126000,4,1,5,2,2
19000,14,7,5.1,2,0,1,8,258,0,35,365,0.019178082191780823,92.0,152000,1,1,1,2,1
16500,7,16,6.5,3,0,0,5,320,0,22,365,0.043835616438356165,159.0,82500,3,6,0,2,2
20000,12,23,3.3,4,3,1,7,210,0,-5,365,0.06301369863013699,220.0,140000,12,7,4,2,2
8500,9,5,9.3,5,2,0,2,240,0,-8,730,0.00684931506849315,214.0,17000,1,5,4,0,0
10000,8,16,8.3,3,1,1,0,-19,1,0,365,0.043835616438356165,329.0,0,4,3,1,0,1
17500,3,4,9.4,3,0,0,4,-10,1,7,365,0.010958904109589041,43.0,70000,5,6,2,2,2
40000,13,2,7.8,2,0,0,0,294,0,0,365,0.005479452054794521,107.0,0,3,1,2,1,2
10000,12,5,2.9,2,1,1,0,-2,0,0,547,0.009140767824497258,30.0,0,5,3,3,0,0
6500,1,1,2.0,0,2,0,8,-30,1,1,365,0.0027397260273972603,216.0,52000,4,2,0,0,1
20500,1,1,7.6,0,1,1,0,51,0,0,365,0.0027397260273972603,192.0,0,7,0,4,2,2
7000,2,2,4.7,0,0,0,2,319,0,9,547,0.003656307129798903,328.0,14000,3,5,0,0,2
14500,13,1,1.9,1,0,0,4,82,0,8,182,0.005494505494505495,61.0,58000,8,7,5,2,1
17500,6,4,6.6,2,1,0,3,184,0,44,547,0.007312614259597806,313.0,52500,11,4,5,2,1
24500,3,4,8.3,3,3,0,6,189,0,35,365,0.010958904109589041,105.0,147000,11,7,1,1,2
29000,13,3,5.0,2,2,1,1,282,0,6,547,0.005484460694698354,20.0,29000,2,3,2,1,2
21500,8,6,7.6,4,1,1,9,205,0,21,365,0.01643835616438356,46.0,193500,12,0,0,2,2
6500,3,4,1.8,4,3,0,2,238,0,39,365,0.010958904109589041,153.0,13000,1,6,5,0,2
40000,3,3,8.2,3,3,0,4,110,0,29,547,0.005484460694698354,261.0,160000,8,7,3,1,0
17000,3,4,1.4,3,0,1,5,295,0,25,365,0.010958904109589041,200.0,85000,3,4,2,2,2
6500,2,1,6.1,0,1,0,8,323,0,32,182,0.005494505494505495,282.0,52000,3,7,0,0,2
9500,4,2,5.9,1,2,1,3,109,0,37,365,0.005479452054794521,147.0,28500,8,7,2,0,0
7500,13,16,3.0,2,0,0,3,142,0,44,730,0.021917808219178082,195.0,22500,10,4,5,0,2
47500,10,2,2.0,1,3,0,4,-17,0,-9,547,0.003656307129798903,210.0,190000,4,6,0,1,0
9000,5,3,3.1,2,0,0,1,-16,0,2,182,0.016483516483516484,162.0,9000,4,1,3,0,1
27500,9,23,1.2,3,3,0,7,318,0,43,547,0.04204753199268738,339.0,192500,3,6,4,1,2
11000,4,8,7.2,1,2,1,8,242,0,12,182,0.04395604395604396,172.0,88000,1,1,4,2,2
10500,8,19,6.7,3,0,0,8,292,0,-6,365,0.052054794520547946,143.0,84000,2,3,5,0,0
13500,14,17,3.0,0,1,0,9,265,0,2,365,0.04657534246575343,292.0,121500,2,0,3,2,0
5500,7,14,8.8,1,1,0,1,-23,1,-6,365,0.038356164383561646,106.0,5500,4,4,5,0,0
20000,10,25,8.8,2,1,1,8,102,0,9,547,0.04570383912248629,50.0,160000,8,4,0,2,0
11500,4,7,1.7,3,0,1,9,246,0,-5,365,0.019178082191780823,190.0,103500,1,6,0,2,2
12000,10,14,9.4,3,0,1,2,334,0,29,547,0.025594149908592323,325.0,24000,4,5,3,0,0
33500,9,15,1.5,5,1,0,5,15,0,10,365,0.0410958904109589,287.0,167500,5,3,2,1,2
10500,4,0,0.0,0,0,0,2,3,1,14,730,0.0,349.0,21000,5,3,0,2,2
11000,14,30,6.8,5,2,0,7,51,0,-2,365,0.0821917808219178,42.0,77000,7,1,5,2,2
10000,5,1,3.5,0,1,1,5,117,0,14,365,0.0027397260273972603,205.0,50000,9,7,5,2,1
11500,8,0,0.0,0,0,0,7,117,0,15,547,0.0,349.0,80500,9,1,5,0,2
15500,1,2,1.3,0,3,0,7,221,0,1,730,0.0027397260273972603,308.0,108500,12,6,3,2,0
8500,13,15,6.6,2,3,0,3,-7,1,-10,365,0.0410958904109589,211.0,25500,5,5,4,0,1
9000,4,7,4.9,2,1,0,1,268,0,5,365,0.019178082191780823,322.0,9000,2,4,0,0,2
14500,12,28,6.2,0,0,1,5,190,0,39,730,0.038356164383561646,129.0,72500,11,4,0,2,2
6000,2,1,2.4,1,0,0,1,9,1,33,365,0.0027397260273972603,88.0,6000,5,5,5,0,2
6000,1,1,5.9,1,3,0,5,305,0,15,547,0.0018281535648994515,138.0,30000,3,4,4,0,2
21500,2,2,1.3,2,0,0,4,48,0,35,365,0.005479452054794521,30.0,86000,6,4,0,2,2
19000,12,26,9.4,2,3,0,0,228,0,0,547,0.04753199268738574,21.0,0,12,7,2,2,2
18000,4,3,6.5,0,2,1,4,92,0,1,365,0.00821917808219178,235.0,72000,8,1,2,2,2
9500,2,2,7.2,1,0,0,9,135,0,12,730,0.0027397260273972603,213.0,85500,9,5,5,0,2
6000,2,2,4.6,2,1,0,0,242,0,0,730,0.0027397260273972603,59.0,0,1,5,0,0,0
45000,14,0,0.0,0,0,0,5,141,0,14,365,0.0,349.0,225000,9,2,1,1,1
7500,12,31,8.3,2,3,0,4,39,0,37,365,0.08493150684931507,320.0,30000,6,2,3,0,2
9500,10,1,8.2,0,2,0,0,56,0,0,182,0.005494505494505495,124.0,0,7,3,4,0,2
6000,11,22,6.9,0,1,1,8,184,0,23,730,0.030136986301369864,335.0,48000,11,3,3,0,0
44000,14,5,3.7,4,0,1,6,23,1,31,547,0.009140767824497258,265.0,264000,6,3,0,1,2
10000,6,4,8.4,0,3,0,4,94,0,36,365,0.010958904109589041,320.0,40000,8,6,1,2,2
23500,5,0,0.0,0,0,0,1,10,1,27,365,0.0,349.0,23500,5,6,0,1,2
16500,10,24,2.1,5,2,0,0,245,0,0,365,0.06575342465753424,125.0,0,1,7,5,2,2
9000,11,18,3.7,4,1,0,8,190,0,0,365,0.049315068493150684,93.0,72000,11,0,5,0,0
20500,10,14,2.9,2,3,0,5,186,0,12,547,0.025594149908592323,334.0,102500,11,5,4,2,2
8000,7,12,3.3,0,3,0,1,284,0,5,365,0.03287671232876712,297.0,8000,2,7,1,0,1
8000,12,25,4.3,0,3,1,4,161,0,-8,182,0.13736263736263737,272.0,32000,10,6,5,0,2
21500,2,0,0.0,0,0,0,4,161,0,43,365,0.0,349.0,86000,10,4,4,1,2
10500,1,2,7.0,0,3,1,1,273,0,2,182,0.01098901098901099,51.0,10500,2,3,5,2,2
5500,2,0,0.0,0,0,0,6,122,0,-9,730,0.0,349.0,33000,9,5,4,0,2
6500,2,2,2.4,1,2,1,7,241,0,26,365,0.005479452054794521,229.0,45500,1,1,0,0,0
8500,9,10,7.6,0,1,0,7,29,1,8,730,0.0136986301369863,320.0,59500,6,7,1,0,2
25500,7,5,0.7,0,3,1,2,124,0,29,365,0.0136986301369863,276.0,51000,9,4,2,1,2
13500,12,3,3.4,3,3,1,1,234,0,-6,547,0.005484460694698354,135.0,13500,1,1,1,2,2
19500,7,1,9.8,0,0,0,5,103,0,11,182,0.005494505494505495,40.0,97500,8,3,1,2,1
7500,6,2,1.7,0,0,0,7,212,0,-1,547,0.003656307129798903,115.0,52500,12,2,1,0,0
46000,5,7,6.3,3,2,1,2,347,0,36,365,0.019178082191780823,308.0,92000,4,5,1,1,1
8000,4,7,3.9,5,1,0,3,175,0,18,182,0.038461538461538464,35.0,24000,11,7,1,0,2
8500,1,2,9.4,1,3,0,6,73,0,41,365,0.005479452054794521,183.0,51000,7,1,1,0,0
14500,6,12,9.2,4,2,0,5,249,0,21,182,0.06593406593406594,322.0,72500,1,6,4,2,1
37000,13,9,1.7,1,2,0,0,215,0,0,182,0.04945054945054945,317.0,0,12,2,5,1,2
9500,5,3,2.9,2,1,0,4,130,0,6,730,0.00410958904109589,331.0,38000,9,2,4,0,2
11000,13,24,8.2,0,0,0,2,280,0,37,182,0.13186813186813187,11.0,22000,2,3,4,0,0
11500,3,4,8.3,3,2,0,4,123,0,34,730,0.005479452054794521,88.0,46000,9,1,1,0,2
29500,11,1,8.3,1,0,1,6,156,0,-7,730,0.0013698630136986301,91.0,177000,10,0,0,1,2
7000,14,28,9.0,3,0,1,5,192,0,0,365,0.07671232876712329,112.0,35000,11,4,2,0,0
36000,12,18,1.3,6,2,0,3,126,0,5,547,0.03290676416819013,42.0,108000,9,4,3,1,1
11000,5,5,5.6,2,3,0,6,65,0,35,182,0.027472527472527472,222.0,66000,7,6,1,0,2
11000,11,21,5.7,4,3,1,7,197,0,20,365,0.057534246575342465,245.0,77000,11,4,2,0,2
16500,6,0,0.0,0,0,0,7,101,0,17,547,0.0,349.0,115500,8,1,4,2,2
7000,3,4,6.9,0,2,1,3,114,0,-7,365,0.010958904109589041,135.0,21000,9,6,3,0,2
7500,10,12,6.0,6,2,0,8,344,0,34,730,0.01643835616438356,245.0,60000,4,7,2,0,2
49500,9,19,6.3,1,1,0,3,355,0,1,365,0.052054794520547946,82.0,148500,5,6,3,1,2
6000,12,28,5.1,2,0,0,4,149,0,26,365,0.07671232876712329,279.0,24000,10,0,3,0,2
10000,11,27,4.3,6,2,0,7,282,0,24,730,0.036986301369863014,166.0,70000,2,1,4,0,2
18500,7,17,6.3,3,3,0,0,106,0,0,547,0.031078610603290677,190.0,0,8,0,5,2,2
9500,8,16,2.4,6,3,0,6,69,0,28,365,0.043835616438356165,180.0,57000,7,4,3,0,2
11000,11,6,3.5,6,2,0,8,194,0,40,365,0.01643835616438356,92.0,88000,11,1,4,0,2
6500,2,1,4.2,1,1,0,2,148,0,42,730,0.0013698630136986301,175.0,13000,10,6,5,0,0
6000,7,1,5.6,1,0,0,8,218,0,23,365,0.0027397260273972603,332.0,48000,12,3,1,0,2
7500,14,32,6.1,5,3,0,6,269,0,2,365,0.08767123287671233,102.0,45000,2,0,4,0,2
8500,14,14,8.9,3,3,1,0,-10,0,0,365,0.038356164383561646,218.0,0,5,2,3,0,2
9500,4,1,8.3,0,3,0,0,349,0,0,547,0.0018281535648994515,186.0,0,4,5,1,0,2
9500,2,1,9.6,0,3,0,7,150,0,8,182,0.005494505494505495,119.0,66500,10,0,5,0,2
15500,3,3,2.3,1,1,0,3,240,0,4,182,0.016483516483516484,61.0,46500,1,6,0,2,2
22000,13,5,4.9,5,1,1,1,146,0,-9,182,0.027472527472527472,69.0,22000,10,1,0,2,0
41500,12,31,9.4,0,2,0,0,136,0,0,365,0.08493150684931507,222.0,0,9,7,5,1,0
20500,9,1,1.5,1,1,0,4,201,0,40,365,0.0027397260273972603,233.0,82000,11,4,0,1,2
20500,4,5,8.9,0,1,1,9,263,0,4,365,0.0136986301369863,74.0,184500,1,3,5,2,2
7500,10,6,7.6,1,2,0,4,99,0,-6,365,0.01643835616438356,85.0,30000,8,3,4,0,2
8500,3,1,6.2,0,1,0,5,260,0,35,365,0.0027397260273972603,114.0,42500,1,4,5,0,2
7500,12,26,9.1,3,0,0,3,218,0,36,365,0.07123287671232877,187.0,22500,12,6,1,0,2
7000,7,4,3.8,4,1,0,5,131,0,31,730,0.005479452054794521,247.0,35000,9,4,3,0,1
16000,6,8,4.9,4,0,0,5,282,0,41,730,0.010958904109589041,91.0,80000,2,4,4,2,2
19500,13,4,7.7,3,1,1,0,119,0,0,365,0.010958904109589041,79.0,0,9,1,0,2,0
16000,13,16,6.9,4,1,0,3,256,0,31,547,0.029250457038391225,17.0,48000,1,7,4,2,2
11000,12,26,7.9,0,3,0,7,326,0,42,365,0.07123287671232877,117.0,77000,4,5,4,0,0
9000,1,0,0.0,0,0,0,0,275,0,0,365,0.0,349.0,0,2,2,3,0,2
19000,2,0,0.0,0,0,0,3,176,0,13,365,0.0,349.0,57000,11,4,4,2,1
22500,7,15,7.1,4,2,0,8,42,0,21,365,0.0410958904109589,297.0,180000,6,4,5,1,0
11000,4,7,5.0,5,2,0,5,144,0,39,365,0.019178082191780823,51.0,55000,10,3,5,2,2
6000,9,18,0.5,4,0,0,7,106,0,36,365,0.049315068493150684,337.0,42000,8,1,2,0,2
7500,11,1,2.8,0,1,0,0,160,0,0,365,0.0027397260273972603,41.0,0,10,1,3,0,0
38000,14,37,5.0,4,3,1,1,323,0,-7,730,0.050684931506849315,184.0,38000,3,6,1,1,2
17000,1,1,4.4,0,1,0,0,252,0,0,365,0.0027397260273972603,315.0,0,1,5,1,2,2
11000,5,4,0.6,0,0,0,4,-27,1,12,365,0.010958904109589041,267.0,44000,4,3,2,2,2
9500,9,6,1.5,1,3,1,3,103,0,41,365,0.01643835616438356,298.0,28500,8,2,3,0,0
5000,4,1,2.1,1,3,0,1,143,0,-8,730,0.0013698630136986301,309.0,5000,10,1,5,0,2
18500,13,12,3.7,6,1,1,6,257,0,37,365,0.03287671232876712,33.0,111000,1,3,4,2,2
42500,4,0,0.0,0,0,0,2,223,0,-10,547,0.0,349.0,85000,12,5,4,1,2
11000,4,8,6.9,3,1,1,3,7,1,0,365,0.021917808219178082,54.0,33000,5,4,0,0,0
40500,10,13,8.1,2,2,1,0,-16,0,0,365,0.03561643835616438,134.0,0,4,3,5,1,2
6500,2,2,8.2,1,3,1,7,44,0,8,365,0.005479452054794521,177.0,45500,6,1,1,0,2
7500,1,0,0.0,0,0,0,3,-25,1,4,365,0.0,349.0,22500,4,6,0,0,2
17500,2,2,1.5,1,0,0,0,17,0,0,730,0.0027397260273972603,60.0,0,5,1,1,2,1
9500,5,10,8.1,2,3,0,7,-7,1,33,365,0.0273972602739726,172.0,66500,5,2,2,0,0
8000,2,1,5.2,1,2,1,0,3,1,0,182,0.005494505494505495,316.0,0,5,6,5,0,1
36000,8,18,7.6,3,1,0,7,116,0,12,365,0.049315068493150684,233.0,252000,9,1,4,1,0
47500,10,18,5.7,6,2,0,0,6,1,0,365,0.049315068493150684,137.0,0,5,5,5,1,0
8000,9,21,2.1,0,1,1,4,-29,1,14,365,0.057534246575342465,58.0,32000,4,6,5,0,2
32000,13,20,8.6,3,3,0,4,121,0,16,365,0.0547945205479452,105.0,128000,9,3,5,1,1
21500,8,18,5.9,0,1,0,2,-7,1,40,365,0.049315068493150684,57.0,43000,5,2,2,2,2
10500,1,1,7.4,0,3,0,4,228,0,41,365,0.0027397260273972603,121.0,42000,12,3,2,0,2
11000,6,0,0.0,0,0,0,2,167,0,-10,365,0.0,349.0,22000,10,2,2,0,0
5000,12,8,8.7,3,1,1,0,287,0,0,547,0.014625228519195612,306.0,0,2,2,5,0,2
19000,9,23,0.6,6,3,1,8,112,0,12,365,0.06301369863013699,183.0,152000,9,4,4,2,2
16000,14,20,0.5,0,0,0,5,149,0,27,547,0.03656307129798903,150.0,80000,10,1,4,2,2
10000,13,1,4.4,0,2,0,7,347,0,28,182,0.005494505494505495,277.0,70000,4,0,3,0,2
12000,13,26,1.9,6,1,0,4,7,1,-1,365,0.07123287671232877,200.0,48000,5,0,5,2,2
11000,4,7,8.3,1,0,0,8,252,0,30,547,0.012797074954296161,37.0,88000,1,7,5,0,0
14000,4,4,6.1,3,2,0,1,193,0,32,365,0.010958904109589041,279.0,14000,11,2,4,2,2
10500,12,8,4.9,4,2,0,9,165,0,26,365,0.021917808219178082,116.0,94500,10,0,4,0,2
21000,11,23,6.4,2,0,0,5,125,0,14,730,0.031506849315068496,224.0,105000,9,1,3,2,2
9000,10,13,1.6,2,2,0,8,305,0,34,365,0.03561643835616438,338.0,72000,3,3,4,0,2
10500,12,10,3.9,2,2,1,4,251,0,24,182,0.054945054945054944,117.0,42000,1,2,1,0,1
17500,14,34,5.5,5,2,0,0,30,0,0,730,0.04657534246575343,189.0,0,6,7,1,2,2
8500,2,1,0.7,1,3,0,4,238,0,41,730,0.0013698630136986301,75.0,34000,1,3,5,0,0
17000,2,1,4.9,0,1,1,4,90,0,7,365,0.0027397260273972603,324.0,68000,8,7,0,2,2
6500,7,13,7.6,0,3,1,1,135,0,16,547,0.02376599634369287,196.0,6500,9,7,1,0,2
20500,8,3,7.4,0,2,0,9,168,0,16,365,0.00821917808219178,347.0,184500,10,2,5,2,2
6500,8,9,3.3,5,1,0,6,56,0,30,182,0.04945054945054945,337.0,39000,7,0,4,0,1
42000,10,16,0.6,3,1,0,5,206,0,32,365,0.043835616438356165,178.0,210000,12,0,4,1,2
7500,11,7,5.1,5,0,0,1,353,0,4,547,0.012797074954296161,243.0,7500,4,0,4,0,2
5500,8,8,2.7,0,3,1,7,161,0,40,182,0.04395604395604396,143.0,38500,10,4,2,0,1
9000,7,12,0.9,6,0,1,2,132,0,14,365,0.03287671232876712,247.0,18000,9,4,0,0,0
9000,12,28,5.6,4,1,0,6,338,0,4,365,0.07671232876712329,80.0,54000,4,5,1,0,2
7500,10,7,9.0,5,1,0,6,265,0,4,365,0.019178082191780823,129.0,45000,2,2,4,0,1
9000,4,5,5.4,5,3,0,6,33,0,35,365,0.0136986301369863,252.0,54000,6,3,4,0,0
7500,14,4,3.7,1,2,0,5,37,0,-2,365,0.010958904109589041,256.0,37500,6,4,5,0,0
8000,2,2,4.8,1,2,1,7,153,0,43,182,0.01098901098901099,294.0,56000,10,3,4,0,1
9500,2,1,8.5,0,0,0,6,292,0,9,182,0.005494505494505495,257.0,57000,2,3,0,0,2
8000,2,1,4.0,0,0,1,7,-21,1,-2,365,0.0027397260273972603,44.0,56000,4,2,1,0,2
5500,4,3,5.9,2,0,0,8,-25,0,4,365,0.00821917808219178,317.0,44000,4,4,3,0,0
39500,10,26,7.8,5,3,0,6,206,0,42,365,0.07123287671232877,72.0,237000,12,2,4,1,1
5500,3,5,2.4,0,0,0,8,98,0,-8,730,0.00684931506849315,147.0,44000,8,3,3,0,2
11000,10,6,9.8,4,3,0,3,64,0,18,365,0.01643835616438356,277.0,33000,7,3,2,2,2
11500,4,2,3.5,0,2,0,8,69,0,8,730,0.0027397260273972603,210.0,92000,7,7,2,0,0
13500,14,34,1.3,4,1,0,8,188,0,-7,365,0.09315068493150686,345.0,108000,11,1,5,2,0
12000,12,30,6.8,4,2,0,2,200,0,22,547,0.054844606946983544,329.0,24000,11,5,2,2,2
9500,10,19,8.4,5,1,0,5,361,0,20,547,0.03473491773308958,33.0,47500,5,5,5,0,2
11000,3,1,1.9,1,1,0,4,-2,1,20,365,0.0027397260273972603,231.0,44000,5,5,0,0,2
8500,6,9,5.4,6,3,0,2,74,0,10,365,0.024657534246575342,133.0,17000,7,1,4,0,2
21000,9,20,7.0,1,0,0,7,32,0,-10,730,0.0273972602739726,150.0,147000,6,2,4,2,0
10500,1,0,0.0,0,0,0,4,285,0,11,365,0.0,349.0,42000,2,5,1,0,2
9500,2,2,9.8,1,2,0,5,313,0,21,547,0.003656307129798903,247.0,47500,3,7,5,0,0
12500,2,2,1.5,2,1,0,4,196,0,20,365,0.005479452054794521,120.0,50000,11,3,1,2,2
25000,7,1,1.0,1,1,0,9,161,0,15,547,0.0018281535648994515,24.0,225000,10,0,5,1,2
11500,6,2,2.5,0,1,0,4,68,0,-1,365,0.005479452054794521,194.0,46000,7,0,3,0,0
22500,11,28,1.3,0,2,0,3,243,0,25,730,0.038356164383561646,318.0,67500,1,6,4,1,2
8000,7,8,7.3,5,0,1,7,351,0,33,182,0.04395604395604396,343.0,56000,4,5,2,0,2
19000,8,18,1.9,6,1,1,1,330,0,27,365,0.049315068493150684,21.0,19000,4,5,2,2,2
10000,7,9,8.4,5,1,0,9,213,0,0,182,0.04945054945054945,36.0,90000,12,7,3,0,2
7500,4,3,9.9,1,0,1,0,351,0,0,365,0.00821917808219178,281.0,0,4,6,3,0,0
8500,11,21,3.6,0,2,1,2,108,0,8,365,0.057534246575342465,203.0,17000,8,6,4,0,0
20500,13,9,9.5,6,0,0,2,59,0,15,365,0.024657534246575342,19.0,41000,7,4,1,2,2
8000,7,6,0.9,3,1,0,6,96,0,31,547,0.010968921389396709,57.0,48000,8,4,5,0,2
6500,4,0,0.0,0,0,0,7,325,0,1,182,0.0,349.0,45500,4,6,1,0,0
15500,5,6,9.3,4,2,0,8,22,1,24,365,0.01643835616438356,190.0,124000,6,5,5,2,2
12000,5,9,5.2,3,1,0,2,364,0,-7,365,0.024657534246575342,230.0,24000,5,3,1,2,1
10000,10,7,5.7,0,3,1,6,257,0,-3,547,0.012797074954296161,327.0,60000,1,2,1,2,0
12000,7,8,2.0,0,3,0,1,300,0,42,365,0.021917808219178082,263.0,12000,3,0,4,2,2
5000,2,0,0.0,0,0,0,3,276,0,27,182,0.0,349.0,15000,2,1,3,0,0
11000,4,3,0.7,0,0,0,8,-22,1,9,365,0.00821917808219178,103.0,88000,4,2,4,2,2
5500,8,3,7.2,1,0,0,3,296,0,28,547,0.005484460694698354,279.0,16500,3,2,1,0,2
11000,1,2,3.7,0,1,0,8,133,0,42,365,0.005479452054794521,89.0,88000,9,3,0,0,2
11500,14,21,7.6,2,0,0,0,151,0,0,365,0.057534246575342465,334.0,0,10,6,0,0,2
16000,14,27,2.2,6,3,1,7,35,0,-3,365,0.07397260273972603,205.0,112000,6,6,3,2,1
8500,8,16,4.9,2,1,1,0,309,0,0,182,0.08791208791208792,162.0,0,3,6,2,0,2
8500,5,2,5.2,0,2,0,9,-25,1,-4,730,0.0027397260273972603,275.0,76500,4,1,0,0,2
9000,1,1,5.5,1,2,0,5,302,0,31,547,0.0018281535648994515,240.0,45000,3,5,2,0,2
9000,7,12,2.4,3,2,0,9,253,0,11,365,0.03287671232876712,157.0,81000,1,4,2,0,2
12000,9,16,7.1,6,2,0,8,32,0,-6,365,0.043835616438356165,339.0,96000,6,4,3,0,2
44000,13,15,3.5,0,0,1,9,79,0,34,730,0.02054794520547945,321.0,396000,7,3,3,1,2
6000,10,0,0.0,0,0,0,2,295,0,-8,365,0.0,349.0,12000,3,0,3,0,2
12000,10,18,5.1,5,0,0,5,285,0,3,730,0.024657534246575342,338.0,60000,2,3,2,2,2
10500,7,5,4.6,3,3,1,3,157,0,22,365,0.0136986301369863,131.0,31500,10,7,2,0,2
10000,12,26,8.7,6,3,0,5,304,0,36,365,0.07123287671232877,251.0,50000,3,3,5,0,0
27000,8,0,0.0,0,0,0,7,246,0,10,365,0.0,349.0,189000,1,0,3,1,2
10000,2,2,8.2,2,1,0,4,151,0,40,365,0.005479452054794521,83.0,40000,10,5,5,0,2
5000,13,2,6.4,0,1,0,6,62,0,-3,547,0.003656307129798903,348.0,30000,7,5,2,0,0
10500,3,3,5.5,1,1,1,0,77,0,0,730,0.00410958904109589,273.0,0,7,4,4,2,1
9500,14,3,8.4,1,3,0,3,77,0,28,182,0.016483516483516484,99.0,28500,7,7,0,0,2
47000,6,6,1.0,6,0,0,3,185,0,2,365,0.01643835616438356,317.0,141000,11,2,5,1,2
11000,1,1,3.0,1,2,0,1,321,0,20,365,0.0027397260273972603,224.0,11000,3,6,0,2,2
36000,8,15,9.4,5,0,1,2,73,0,35,730,0.02054794520547945,157.0,72000,7,3,2,1,2
7000,10,7,6.9,0,2,0,1,97,0,24,365,0.019178082191780823,155.0,7000,8,5,4,0,2
9500,14,29,8.1,6,1,1,9,-6,1,-1,365,0.07945205479452055,29.0,85500,5,4,2,0,0
9500,3,2,5.8,0,0,0,4,357,0,-2,365,0.005479452054794521,20.0,38000,5,7,3,0,0
5500,5,4,2.6,1,0,0,5,199,0,-9,365,0.010958904109589041,57.0,27500,11,7,4,0,2
20500,4,1,9.4,1,2,0,4,-17,1,27,365,0.0027397260273972603,220.0,82000,4,3,4,2,2
19500,7,17,4.6,6,3,1,5,184,0,18,365,0.04657534246575343,61.0,97500,11,2,2,2,1
20500,12,28,6.7,3,1,1,3,328,0,41,365,0.07671232876712329,235.0,61500,4,4,3,2,2
5500,13,27,2.3,6,0,0,5,146,0,2,547,0.04936014625228519,145.0,27500,10,0,0,0,2
46500,4,3,3.2,2,0,1,2,189,0,33,365,0.00821917808219178,338.0,93000,11,2,2,1,2
6500,14,14,8.8,1,1,1,0,325,0,0,365,0.038356164383561646,59.0,0,4,0,5,0,2
47000,10,0,0.0,0,0,0,1,296,0,24,365,0.0,349.0,47000,3,7,1,1,0
17500,1,1,9.9,1,1,0,5,88,0,4,547,0.0018281535648994515,183.0,87500,8,0,3,2,2
8500,4,7,4.4,2,0,0,7,244,0,4,365,0.019178082191780823,60.0,59500,1,1,5,0,2
11000,5,3,7.9,3,2,0,5,195,0,34,547,0.005484460694698354,27.0,55000,11,7,5,0,2
23500,4,1,7.5,0,1,0,8,253,0,26,365,0.0027397260273972603,81.0,188000,1,7,0,1,0
19500,1,1,9.7,0,3,1,7,-12,0,43,547,0.0018281535648994515,199.0,136500,4,6,3,2,2
6000,9,16,7.3,0,2,0,2,-16,1,35,365,0.043835616438356165,278.0,12000,4,3,2,0,2
9500,10,19,2.1,6,0,0,3,94,0,29,365,0.052054794520547946,191.0,28500,8,1,4,0,2
16500,9,3,0.9,1,0,0,9,196,0,26,365,0.00821917808219178,154.0,148500,11,2,4,2,0
20500,5,3,9.5,3,0,1,2,251,0,2,365,0.00821917808219178,135.0,41000,1,6,5,1,0
8500,6,3,5.6,2,1,0,6,344,0,-3,365,0.00821917808219178,311.0,51000,4,1,5,0,2
20000,3,4,8.6,1,2,0,4,190,0,-5,547,0.007312614259597806,18.0,80000,11,6,3,2,0
11000,8,1,5.1,0,1,1,2,193,0,-7,365,0.0027397260273972603,164.0,22000,11,4,1,2,2
8000,14,8,1.9,3,3,1,2,18,0,42,365,0.021917808219178082,52.0,16000,5,4,1,0,2
6500,8,18,4.9,4,3,1,3,305,0,34,365,0.049315068493150684,280.0,19500,3,0,5,0,2
8000,8,16,6.3,2,1,0,6,195,0,18,365,0.043835616438356165,26.0,48000,11,7,0,0,1
44000,10,8,8.8,1,3,0,4,291,0,3,730,0.010958904109589041,237.0,176000,2,3,5,1,2
49500,12,14,5.6,0,0,0,6,152,0,31,365,0.038356164383561646,214.0,297000,10,3,0,1,2
16000,12,23,0.8,0,2,1,2,252,0,21,365,0.06301369863013699,231.0,32000,1,6,1,2,2
11500,9,8,8.7,4,3,1,6,68,0,21,730,0.010958904109589041,34.0,69000,7,4,1,0,2
16000,6,6,4.6,1,3,0,0,283,0,0,365,0.01643835616438356,49.0,0,2,4,5,2,2
13500,8,0,0.0,0,0,0,3,22,0,-2,365,0.0,349.0,40500,6,3,1,2,2
15500,9,8,1.4,1,3,0,1,357,0,-4,365,0.021917808219178082,344.0,15500,5,2,5,2,2
13000,11,0,0.0,0,0,0,0,26,1,0,730,0.0,349.0,0,6,4,3,2,2
43000,7,9,9.3,3,1,0,4,112,0,24,365,0.024657534246575342,46.0,172000,9,0,1,1,1
16000,2,2,5.2,2,1,0,7,238,0,22,365,0.005479452054794521,17.0,112000,1,0,1,2,0
5500,10,4,9.4,4,3,0,5,103,0,8,365,0.010958904109589041,27.0,27500,8,2,2,0,2
17500,6,5,2.0,4,1,1,0,337,0,0,365,0.0136986301369863,290.0,0,4,4,0,2,0
5500,14,28,5.6,1,0,0,7,31,0,21,547,0.051188299817184646,306.0,38500,6,2,2,0,2
11000,3,5,0.6,0,0,0,0,133,0,0,547,0.009140767824497258,312.0,0,9,5,4,0,0
21500,4,1,8.2,0,3,1,8,355,0,28,365,0.0027397260273972603,105.0,172000,5,5,1,2,2
17500,1,0,0.0,0,0,0,2,108,0,24,365,0.0,349.0,35000,8,7,3,2,2
49000,7,10,2.5,5,2,1,4,126,0,-5,547,0.018281535648994516,87.0,196000,9,2,4,1,0
10000,14,33,4.1,0,2,1,4,130,0,29,365,0.09041095890410959,10.0,40000,9,0,2,0,2
11500,7,10,7.7,5,1,1,6,171,0,-4,547,0.018281535648994516,183.0,69000,10,4,3,0,2
34500,11,15,7.0,2,0,1,8,208,0,7,547,0.027422303473491772,21.0,276000,12,5,5,1,2
29500,1,0,0.0,0,0,0,0,-19,1,0,547,0.0,349.0,0,4,1,3,1,2
21000,6,11,9.5,1,2,0,9,345,0,31,365,0.030136986301369864,291.0,189000,4,4,1,1,2
11500,8,10,7.1,4,1,0,2,44,0,17,365,0.0273972602739726,190.0,23000,6,7,5,0,0
44000,2,2,8.7,0,2,0,8,267,0,-6,547,0.003656307129798903,161.0,352000,2,2,1,1,2
12000,11,28,1.6,4,0,0,8,118,0,-6,182,0.15384615384615385,292.0,96000,9,2,5,0,0
49000,2,2,3.7,2,0,1,0,213,0,0,365,0.005479452054794521,25.0,0,12,0,3,1,2
5500,3,5,9.7,0,0,0,5,159,0,28,365,0.0136986301369863,237.0,27500,10,4,1,0,2
8000,5,7,8.8,5,3,0,0,98,0,0,547,0.012797074954296161,207.0,0,8,5,0,0,0
9500,5,0,0.0,0,0,0,0,158,0,0,365,0.0,349.0,0,10,6,3,0,2
5500,10,19,5.5,1,1,0,2,146,0,13,182,0.1043956043956044,182.0,11000,10,1,4,0,0
7000,8,9,6.9,3,2,1,6,80,0,8,547,0.016453382084095063,118.0,42000,7,2,3,0,0
30500,12,0,0.0,0,0,0,6,-16,1,-2,365,0.0,349.0,183000,4,3,5,1,2
10000,12,29,5.8,5,0,0,0,262,0,0,365,0.07945205479452055,190.0,0,1,4,5,0,1
27000,12,18,3.4,6,3,0,1,112,0,15,365,0.049315068493150684,9.0,27000,9,1,5,1,0
5500,13,23,1.3,2,0,0,2,359,0,10,730,0.031506849315068496,204.0,11000,5,0,3,0,2
19500,7,6,9.1,1,3,1,7,24,1,31,730,0.00821917808219178,224.0,136500,6,3,3,2,2
25000,10,3,2.1,2,3,0,6,75,0,10,182,0.016483516483516484,163.0,150000,7,7,0,1,2
11500,14,17,0.7,1,3,1,9,11,1,4,547,0.031078610603290677,216.0,103500,5,2,3,0,2
12500,10,10,4.9,5,2,0,4,164,0,-2,547,0.018281535648994516,266.0,50000,10,7,5,2,2
24500,13,18,5.0,0,0,0,7,283,0,11,365,0.049315068493150684,32.0,171500,2,5,0,1,0
6500,14,23,7.5,1,1,0,0,84,0,0,547,0.04204753199268738,255.0,0,8,3,2,0,2
7000,11,18,7.6,4,3,0,2,222,0,17,547,0.03290676416819013,215.0,14000,12,5,3,0,2
5500,10,2,2.5,2,0,1,0,155,0,0,365,0.005479452054794521,289.0,0,10,0,1,0,2
6000,1,0,0.0,0,0,0,9,355,0,-2,182,0.0,349.0,54000,5,2,5,0,1
32000,2,1,5.6,1,3,0,5,232,0,18,365,0.0027397260273972603,309.0,160000,12,6,2,1,2
19000,14,23,4.5,4,0,0,9,364,0,38,730,0.031506849315068496,136.0,171000,5,6,0,2,0
21500,5,6,8.6,2,0,1,9,-2,1,31,365,0.01643835616438356,11.0,193500,5,6,4,2,2
6500,9,19,8.3,6,2,0,6,196,0,40,365,0.052054794520547946,182.0,39000,11,6,3,0,2
8500,6,11,2.0,0,2,0,2,345,0,22,365,0.030136986301369864,266.0,17000,4,6,5,0,2
7000,2,1,2.9,1,0,1,0,210,0,0,365,0.0027397260273972603,338.0,0,12,5,5,0,0
44000,10,24,6.5,4,1,0,8,69,0,18,365,0.06575342465753424,147.0,352000,7,3,3,1,1
7500,10,23,9.8,0,3,1,4,-15,0,5,365,0.06301369863013699,52.0,30000,4,0,3,0,2
18000,9,3,8.0,0,3,1,2,230,0,3,730,0.00410958904109589,226.0,36000,12,1,2,2,2
9000,5,3,4.5,0,0,0,0,90,0,0,365,0.00821917808219178,14.0,0,8,0,2,0,2
32500,11,8,6.3,1,2,1,1,84,0,43,365,0.021917808219178082,210.0,32500,8,3,3,1,0
13500,5,1,1.3,0,0,0,1,261,0,-8,547,0.0018281535648994515,253.0,13500,1,2,2,2,0
9500,14,9,2.2,6,2,1,2,341,0,-6,365,0.024657534246575342,132.0,19000,4,6,0,0,2
11500,4,1,4.1,1,2,0,3,215,0,-10,365,0.0027397260273972603,254.0,34500,12,6,1,0,2
10500,2,2,9.7,1,0,0,5,138,0,43,365,0.005479452054794521,347.0,52500,9,4,0,0,1
8000,3,5,0.9,0,0,0,0,46,0,0,365,0.0136986301369863,92.0,0,6,0,2,0,2
10000,1,1,8.3,0,0,1,3,125,0,6,730,0.0013698630136986301,61.0,30000,9,3,0,0,1
35500,4,8,9.6,1,3,1,3,227,0,-7,365,0.021917808219178082,21.0,106500,12,3,0,1,0
9500,7,15,7.3,4,3,0,3,253,0,25,730,0.02054794520547945,286.0,28500,1,4,0,0,2
39000,13,35,9.8,6,0,0,0,43,0,0,730,0.04794520547945205,25.0,0,6,5,3,1,2
16500,6,9,4.5,0,2,0,6,-12,1,1,182,0.04945054945054945,231.0,99000,4,3,3,2,2
29500,4,2,1.2,0,2,0,9,-28,1,32,365,0.005479452054794521,33.0,265500,4,7,0,1,2
8000,9,5,1.6,1,3,0,3,102,0,-9,547,0.009140767824497258,64.0,24000,8,0,5,0,2
17500,1,0,0.0,0,0,0,3,283,0,20,365,0.0,349.0,52500,2,3,0,2,2
30500,9,9,2.2,0,0,0,7,168,0,18,365,0.024657534246575342,126.0,213500,10,5,2,1,2
10500,11,0,0.0,0,0,0,7,299,0,14,547,0.0,349.0,73500,3,4,5,0,0
41000,14,8,4.7,0,3,1,3,349,0,28,365,0.021917808219178082,150.0,123000,4,2,3,1,0
5500,3,2,9.2,1,2,0,6,151,0,20,365,0.005479452054794521,246.0,33000,10,1,3,0,2
16500,13,2,3.0,2,3,0,3,209,0,2,182,0.01098901098901099,18.0,49500,12,2,0,2,2
13000,9,3,2.8,2,1,0,1,358,0,34,365,0.00821917808219178,171.0,13000,5,1,1,2,2
11000,6,11,0.6,3,1,1,6,113,0,21,182,0.06043956043956044,269.0,66000,9,1,0,0,2
20500,13,33,7.3,0,1,0,3,260,0,10,365,0.09041095890410959,100.0,61500,1,1,3,2,2
29500,3,0,0.0,0,0,0,4,157,0,23,730,0.0,349.0,118000,10,1,4,1,2
43500,11,17,9.8,5,0,0,8,45,0,29,547,0.031078610603290677,178.0,348000,6,6,5,1,2
9000,1,0,0.0,0,0,0,7,60,0,-4,365,0.0,349.0,63000,7,0,1,0,2
26000,4,3,3.8,2,3,0,0,348,0,0,365,0.00821917808219178,68.0,0,4,3,5,1,0
10500,4,2,4.1,0,2,0,5,-8,1,1,365,0.005479452054794521,322.0,52500,5,5,1,0,2
14000,4,1,1.8,1,0,1,2,18,1,23,365,0.0027397260273972603,138.0,28000,5,4,5,2,2
7500,2,0,0.0,0,0,0,4,235,0,4,182,0.0,349.0,30000,1,4,3,0,0
19000,1,0,0.0,0,0,0,9,196,0,22,365,0.0,349.0,171000,11,3,3,2,2
13000,5,5,5.8,4,2,0,4,171,0,7,182,0.027472527472527472,335.0,52000,10,4,1,2,2
14500,2,1,1.3,1,3,1,3,-12,1,25,547,0.0018281535648994515,129.0,43500,4,2,2,2,2
10000,10,19,7.8,3,2,0,9,189,0,38,365,0.052054794520547946,5.0,90000,11,4,2,0,2
45000,7,2,9.5,2,1,0,3,296,0,7,182,0.01098901098901099,95.0,135000,3,2,1,1,1
7500,8,5,7.7,2,0,0,8,242,0,27,365,0.0136986301369863,70.0,60000,1,6,5,0,2
13000,8,8,5.3,3,3,0,0,67,0,0,365,0.021917808219178082,263.0,0,7,3,5,2,2
8000,6,10,9.7,3,0,0,1,155,0,-9,730,0.0136986301369863,81.0,8000,10,7,5,0,2
49500,3,1,5.9,1,3,1,0,331,0,0,365,0.0027397260273972603,308.0,0,4,5,5,1,2
25000,11,10,6.5,4,0,0,6,179,0,14,365,0.0273972602739726,347.0,150000,11,3,3,1,1
11500,9,12,7.2,0,2,1,9,71,0,8,365,0.03287671232876712,232.0,103500,7,7,1,0,2
5500,9,10,2.6,2,3,1,6,250,0,-4,547,0.018281535648994516,316.0,33000,1,7,4,0,2
13500,10,18,9.8,1,3,0,5,184,0,-10,365,0.049315068493150684,338.0,67500,11,5,1,2,2
11000,4,7,4.1,3,2,0,9,284,0,-10,365,0.019178082191780823,16.0,99000,2,0,0,0,0
13000,13,21,9.7,2,3,1,9,171,0,4,365,0.057534246575342465,238.0,117000,10,0,1,2,2
5000,6,10,3.8,0,2,1,3,348,0,10,547,0.018281535648994516,90.0,15000,4,4,4,0,2
40500,2,0,0.0,0,0,0,4,339,0,29,365,0.0,349.0,162000,4,6,4,1,2
11500,2,0,0.0,0,0,0,8,293,0,12,182,0.0,349.0,92000,3,7,3,0,2
22000,11,23,4.7,6,2,0,4,75,0,10,730,0.031506849315068496,157.0,88000,7,7,4,1,0
20500,7,15,1.4,2,1,1,8,72,0,42,730,0.02054794520547945,234.0,164000,7,4,5,1,2
10000,3,5,7.8,2,3,0,6,115,0,15,365,0.0136986301369863,219.0,60000,9,5,4,0,2
11500,10,21,7.8,3,3,1,6,26,1,12,730,0.028767123287671233,74.0,69000,6,2,3,2,0
8500,12,14,3.2,1,3,0,3,-17,1,1,547,0.025594149908592323,89.0,25500,4,4,4,0,2
12000,5,3,3.1,1,0,0,0,352,0,0,365,0.00821917808219178,13.0,0,4,6,2,0,2
7500,13,4,5.3,0,3,0,9,278,0,9,182,0.02197802197802198,254.0,67500,2,4,2,0,2
8500,11,21,7.1,3,0,0,8,251,0,11,365,0.057534246575342465,316.0,68000,1,6,4,0,2
8500,7,13,6.7,5,1,1,2,98,0,18,730,0.01780821917808219,106.0,17000,8,7,2,0,2
22500,11,14,7.8,2,3,0,6,-18,1,9,365,0.038356164383561646,243.0,135000,4,7,0,1,2
39000,3,0,0.0,0,0,0,0,297,0,0,365,0.0,349.0,0,3,7,1,1,0
11000,7,9,1.0,0,1,0,0,11,1,0,365,0.024657534246575342,119.0,0,5,4,2,2,1
16500,9,17,3.9,5,0,0,5,65,0,10,182,0.09340659340659341,181.0,82500,7,0,0,2,2
21500,3,5,1.5,1,1,0,3,202,0,25,365,0.0136986301369863,33.0,64500,11,0,3,2,2
47500,11,28,2.7,6,0,1,3,28,1,15,547,0.051188299817184646,247.0,142500,6,3,3,1,1
11500,8,11,6.1,1,1,0,9,193,0,-10,365,0.030136986301369864,77.0,103500,11,6,5,0,2
5000,1,1,5.9,1,1,0,8,-20,0,-6,730,0.0013698630136986301,231.0,40000,4,1,5,0,2
17500,1,2,4.4,1,2,0,7,48,0,35,365,0.005479452054794521,250.0,122500,6,1,2,2,2
6500,5,7,8.8,6,3,0,7,-7,1,-5,365,0.019178082191780823,334.0,45500,5,4,3,0,0
11000,2,0,0.0,0,0,0,6,113,0,20,365,0.0,349.0,66000,9,4,4,0,2
38000,11,26,4.3,0,0,1,4,60,0,-2,365,0.07123287671232877,145.0,152000,7,3,2,1,2
44500,1,0,0.0,0,0,0,3,287,0,6,365,0.0,349.0,133500,2,7,3,1,2
20000,4,7,3.0,0,3,0,7,268,0,8,547,0.012797074954296161,310.0,140000,2,4,5,2,2
33500,12,15,5.4,3,2,1,5,62,0,-7,182,0.08241758241758242,176.0,167500,7,1,4,1,2
5500,7,16,4.3,2,1,0,1,340,0,-3,182,0.08791208791208792,340.0,5500,4,5,4,0,2
6000,10,18,9.8,6,2,1,7,106,0,0,365,0.049315068493150684,211.0,42000,8,3,2,0,2
13000,11,7,6.5,1,1,0,8,178,0,35,365,0.019178082191780823,205.0,104000,11,6,2,2,0
17500,6,1,2.6,0,3,0,7,110,0,1,365,0.0027397260273972603,328.0,122500,8,1,4,2,2
10500,4,6,5.2,6,1,1,2,50,0,7,365,0.01643835616438356,82.0,21000,7,5,2,2,2
15000,3,3,4.2,0,2,0,3,171,0,18,182,0.016483516483516484,277.0,45000,10,0,2,2,2
10500,8,16,5.7,0,3,0,0,-25,1,0,182,0.08791208791208792,204.0,0,4,5,3,0,1
8000,14,0,0.0,0,0,0,0,-19,1,0,547,0.0,349.0,0,4,6,5,0,0
21500,13,3,2.9,2,0,0,9,267,0,-2,365,0.00821917808219178,109.0,193500,2,5,2,2,2
7500,2,2,1.4,1,3,0,0,86,0,0,730,0.0027397260273972603,221.0,0,8,0,2,0,1
10500,8,7,4.5,6,3,0,5,59,0,18,365,0.019178082191780823,177.0,52500,7,5,5,0,1
11500,3,3,2.2,0,2,0,7,184,0,38,365,0.00821917808219178,166.0,80500,11,3,5,0,2
11500,7,1,3.0,0,1,0,8,107,0,12,182,0.005494505494505495,321.0,92000,8,6,4,2,2
6500,3,3,8.9,1,0,0,0,115,0,0,365,0.00821917808219178,308.0,0,9,5,2,0,2
6500,8,2,1.7,2,2,0,8,67,0,1,730,0.0027397260273972603,141.0,52000,7,6,4,0,0
12000,10,14,8.4,1,0,1,7,96,0,29,547,0.025594149908592323,109.0,84000,8,3,3,0,2
7000,4,2,2.9,0,1,1,4,239,0,-4,365,0.005479452054794521,20.0,28000,1,3,3,0,2
41000,2,1,1.4,1,3,0,8,334,0,-2,365,0.0027397260273972603,220.0,328000,4,5,3,1,2
36000,11,24,3.2,1,2,1,9,105,0,42,730,0.03287671232876712,172.0,324000,8,6,2,1,0
15000,2,1,9.6,1,3,0,7,176,0,19,365,0.0027397260273972603,135.0,105000,11,6,5,2,2
10500,1,2,4.9,1,0,0,3,69,0,11,365,0.005479452054794521,275.0,31500,7,1,4,0,2
17500,8,20,3.0,0,3,0,8,328,0,41,182,0.10989010989010989,46.0,140000,4,1,1,2,2
24000,13,1,7.9,0,3,1,0,201,0,0,365,0.0027397260273972603,70.0,0,11,5,2,1,0
21500,12,19,4.6,2,3,0,5,188,0,24,365,0.052054794520547946,152.0,107500,11,6,0,2,2
16500,13,6,2.5,0,3,1,6,-22,1,17,365,0.01643835616438356,85.0,99000,4,6,3,2,2
16000,6,0,0.0,0,0,0,1,211,0,22,365,0.0,349.0,16000,12,1,5,2,2
47500,3,1,7.4,1,3,0,7,-14,1,-8,365,0.0027397260273972603,139.0,332500,4,2,5,1,2
44500,1,0,0.0,0,0,0,6,256,0,-10,730,0.0,349.0,267000,1,4,5,1,1
5000,13,31,5.4,1,3,0,2,345,0,12,547,0.056672760511883,183.0,10000,4,2,2,0,2
14000,2,0,0.0,0,0,0,7,326,0,12,365,0.0,349.0,98000,4,0,4,2,0
9500,12,21,4.6,4,0,0,7,142,0,-5,365,0.057534246575342465,89.0,66500,10,5,2,0,1
13000,8,19,4.8,3,2,0,8,266,0,18,365,0.052054794520547946,142.0,104000,2,7,0,2,2
40500,2,0,0.0,0,0,0,9,190,0,-8,365,0.0,349.0,364500,11,2,5,1,2
21500,14,20,8.4,2,0,0,6,110,0,10,365,0.0547945205479452,207.0,129000,8,5,1,2,0
28500,12,28,5.3,6,1,1,3,359,0,21,365,0.07671232876712329,110.0,85500,5,7,0,1,2
10000,4,0,0.0,0,0,0,9,315,0,42,547,0.0,349.0,90000,3,0,3,0,2
10000,5,9,5.1,0,2,0,8,187,0,32,365,0.024657534246575342,218.0,80000,11,7,2,0,2
10500,14,30,5.5,5,0,0,9,196,0,4,730,0.0410958904109589,45.0,94500,11,3,4,0,0
13000,5,4,2.7,0,1,0,6,149,0,1,547,0.007312614259597806,181.0,78000,10,7,4,2,2
5000,6,13,2.3,4,3,1,2,114,0,41,730,0.01780821917808219,66.0,10000,9,3,5,0,2
7500,1,0,0.0,0,0,0,3,167,0,13,365,0.0,349.0,22500,10,6,5,0,2
30000,6,7,5.8,2,3,0,9,234,0,3,182,0.038461538461538464,53.0,270000,1,0,4,1,2
17000,4,6,7.6,3,1,0,1,215,0,-4,365,0.01643835616438356,59.0,17000,12,3,2,2,2
6500,6,0,0.0,0,0,0,6,281,0,-6,365,0.0,349.0,39000,2,3,1,0,2
19000,5,2,2.4,1,1,0,2,240,0,27,365,0.005479452054794521,39.0,38000,1,3,4,2,0
20000,2,2,2.0,0,0,0,2,179,0,23,365,0.005479452054794521,226.0,40000,11,0,2,2,2
7500,12,29,1.0,4,0,0,4,72,0,19,547,0.05301645338208409,120.0,30000,7,4,4,0,2
7500,2,0,0.0,0,0,0,5,145,0,-6,547,0.0,349.0,37500,10,0,4,0,2
5500,8,14,9.4,2,0,1,9,101,0,-9,182,0.07692307692307693,49.0,49500,8,1,2,0,0
28000,9,12,1.9,6,3,0,1,-3,1,17,365,0.03287671232876712,171.0,28000,5,3,4,1,2
11000,3,3,1.1,0,2,0,4,-22,1,41,365,0.00821917808219178,280.0,44000,4,5,0,0,2
19500,10,7,5.6,3,1,0,1,273,0,13,365,0.019178082191780823,73.0,19500,2,1,2,2,0
7500,3,3,5.9,3,1,0,5,244,0,28,730,0.00410958904109589,35.0,37500,1,6,5,0,0
11000,14,25,6.3,5,2,0,6,202,0,-3,365,0.0684931506849315,50.0,66000,11,6,0,0,1
22500,13,34,9.0,3,0,1,0,316,0,0,730,0.04657534246575343,308.0,0,3,7,2,1,0
10000,9,7,6.1,5,1,1,4,-26,1,11,547,0.012797074954296161,71.0,40000,4,2,3,0,2
6000,11,28,5.5,5,3,0,4,204,0,5,547,0.051188299817184646,253.0,24000,12,2,3,0,0
6500,12,8,9.9,6,1,0,2,242,0,35,182,0.04395604395604396,105.0,13000,1,6,2,0,2
7000,5,2,1.4,1,2,0,9,250,0,-9,365,0.005479452054794521,292.0,63000,1,0,1,0,2
10500,2,1,8.2,1,2,0,3,90,0,-4,365,0.0027397260273972603,114.0,31500,8,1,1,2,2
8000,7,17,1.4,4,0,0,7,349,0,-6,547,0.031078610603290677,268.0,56000,4,6,4,0,2
41000,2,0,0.0,0,0,0,6,114,0,17,365,0.0,349.0,246000,9,3,0,1,2
13000,5,6,6.7,1,2,1,2,289,0,36,365,0.01643835616438356,225.0,26000,2,2,5,2,2
5000,4,7,0.8,0,3,0,9,122,0,-5,365,0.019178082191780823,157.0,45000,9,2,1,0,2
47000,2,1,3.3,0,3,0,6,7,1,41,547,0.0018281535648994515,349.0,282000,5,5,3,1,0
11500,8,7,5.3,4,2,0,7,160,0,2,365,0.019178082191780823,62.0,80500,10,5,0,2,0
33500,12,12,8.7,2,1,1,4,71,0,26,547,0.021937842778793418,90.0,134000,7,1,1,1,2
11500,5,6,3.1,0,2,0,1,289,0,35,365,0.01643835616438356,156.0,11500,2,5,5,0,0
12000,7,15,1.3,2,0,0,4,43,0,35,365,0.0410958904109589,45.0,48000,6,4,3,0,2
22000,9,0,0.0,0,0,0,1,0,1,32,365,0.0,349.0,22000,5,1,2,2,2
10000,4,7,9.0,2,3,1,0,8,0,0,365,0.019178082191780823,93.0,0,5,5,3,0,1
35500,6,3,1.1,2,0,1,5,344,0,37,365,0.00821917808219178,62.0,177500,4,5,1,1,2
7000,8,20,9.4,0,2,0,6,129,0,14,730,0.0273972602739726,150.0,42000,9,4,2,0,2
11500,3,5,4.1,5,2,0,8,161,0,42,365,0.0136986301369863,245.0,92000,10,5,3,0,2
35000,7,6,1.5,5,0,0,9,75,0,7,365,0.01643835616438356,11.0,315000,7,3,2,1,2
15000,3,1,5.4,1,3,1,6,66,0,17,365,0.0027397260273972603,297.0,90000,7,7,5,2,2
6500,13,31,3.6,5,0,0,4,138,0,27,365,0.08493150684931507,319.0,26000,9,6,4,0,2
6000,6,8,5.0,1,0,0,1,117,0,-10,365,0.021917808219178082,77.0,6000,9,1,4,0,2
6500,1,1,1.6,0,0,0,3,237,0,-3,730,0.0013698630136986301,86.0,19500,1,6,4,0,2
10000,1,1,3.9,1,1,0,1,262,0,23,547,0.0018281535648994515,329.0,10000,1,7,4,0,2
19000,9,20,6.5,5,3,0,4,78,0,20,730,0.0273972602739726,264.0,76000,7,2,3,2,0
17000,2,1,5.5,0,2,1,4,223,0,13,730,0.0013698630136986301,17.0,68000,12,4,2,2,2
9500,4,7,9.6,0,1,1,3,26,1,44,365,0.019178082191780823,110.0,28500,6,7,2,0,0
5000,8,12,0.8,3,1,0,8,39,0,10,365,0.03287671232876712,88.0,40000,6,6,5,0,1
10000,5,2,6.6,0,0,1,9,222,0,31,182,0.01098901098901099,182.0,90000,12,2,0,2,1
11000,6,6,8.6,3,2,0,7,306,0,39,547,0.010968921389396709,68.0,77000,3,6,1,0,2
16000,5,10,1.8,3,2,0,2,161,0,36,365,0.0273972602739726,83.0,32000,10,4,3,2,2
28000,8,10,5.4,5,3,0,1,271,0,37,365,0.0273972602739726,257.0,28000,2,0,4,1,2
10500,11,25,7.9,0,2,1,8,59,0,42,365,0.0684931506849315,305.0,84000,7,4,0,0,1
5500,4,6,7.0,4,3,0,3,228,0,43,365,0.01643835616438356,19.0,16500,12,2,4,0,2
11000,7,4,7.7,0,1,0,0,-16,1,0,365,0.010958904109589041,309.0,0,4,7,3,2,2
18000,3,2,1.5,2,0,1,2,243,0,28,365,0.005479452054794521,123.0,36000,1,2,3,2,0
7500,10,20,2.9,0,0,1,6,145,0,10,547,0.03656307129798903,281.0,45000,10,4,0,0,0
46500,10,15,6.8,5,3,1,2,262,0,33,365,0.0410958904109589,193.0,93000,1,2,1,1,2
7000,5,9,3.6,5,0,0,8,-6,0,8,182,0.04945054945054945,327.0,56000,5,2,0,0,2
15000,12,11,0.8,6,2,0,0,211,0,0,365,0.030136986301369864,200.0,0,12,7,4,2,2
12500,12,15,3.5,5,3,0,7,109,0,2,730,0.02054794520547945,167.0,87500,8,5,5,2,2
8500,10,26,6.0,6,0,1,7,162,0,10,182,0.14285714285714285,272.0,59500,10,0,4,0,2
40000,2,2,5.9,2,0,0,3,256,0,5,365,0.005479452054794521,225.0,120000,1,3,1,1,2
15000,10,8,8.1,3,1,0,2,170,0,-3,730,0.010958904109589041,250.0,30000,10,5,2,2,2
6500,5,4,7.0,3,0,0,2,362,0,4,182,0.02197802197802198,285.0,13000,5,4,0,0,0
18000,11,15,5.1,4,3,1,7,-10,1,6,365,0.0410958904109589,347.0,126000,5,3,0,2,2
12000,6,13,6.4,4,0,1,6,141,0,30,730,0.01780821917808219,59.0,72000,9,1,3,0,2
20500,6,7,2.8,0,3,1,9,90,0,8,365,0.019178082191780823,297.0,184500,8,7,3,2,2
47000,8,3,3.2,0,2,1,5,263,0,38,365,0.00821917808219178,328.0,235000,1,2,1,1,2
17500,14,6,4.3,6,3,0,5,343,0,37,365,0.01643835616438356,97.0,87500,4,7,2,2,0
16000,5,1,3.4,1,2,0,6,241,0,25,182,0.005494505494505495,44.0,96000,1,7,2,2,2
12500,14,1,3.1,0,2,0,7,343,0,22,547,0.0018281535648994515,321.0,87500,4,1,4,2,1
10000,1,2,5.9,1,1,1,6,208,0,5,365,0.005479452054794521,206.0,60000,12,2,1,2,2
22000,8,2,2.3,2,2,0,4,326,0,14,730,0.0027397260273972603,9.0,88000,4,2,5,1,0
16000,11,1,0.6,1,3,0,7,264,0,30,182,0.005494505494505495,32.0,112000,1,1,1,2,2
20000,11,26,5.5,1,2,0,7,221,0,7,365,0.07123287671232877,336.0,140000,12,0,0,2,2
12000,1,2,7.5,0,1,1,5,239,0,17,547,0.003656307129798903,191.0,60000,1,3,5,2,0
10000,10,3,4.3,2,2,0,0,75,0,0,182,0.016483516483516484,301.0,0,7,6,1,0,2
6000,7,11,9.1,1,0,0,2,79,0,26,365,0.030136986301369864,312.0,12000,7,1,0,0,1
5500,1,1,8.3,1,3,0,9,20,0,30,365,0.0027397260273972603,67.0,49500,6,3,0,0,0
15000,14,19,9.8,0,0,0,4,322,0,4,182,0.1043956043956044,117.0,60000,3,5,0,2,2
12000,9,14,8.3,5,3,0,8,247,0,13,547,0.025594149908592323,313.0,96000,1,6,4,2,2
15000,9,23,3.0,5,3,0,2,-4,1,43,730,0.031506849315068496,349.0,30000,5,0,0,2,2
11500,12,4,9.3,3,0,0,2,-1,1,11,547,0.007312614259597806,325.0,23000,5,6,0,2,2
5500,5,0,0.0,0,0,0,2,221,0,-2,547,0.0,349.0,11000,12,4,4,0,2
14500,7,1,4.8,0,3,0,5,-17,1,42,365,0.0027397260273972603,93.0,72500,4,5,0,2,0
26000,9,19,0.6,0,2,0,9,87,0,8,730,0.026027397260273973,262.0,234000,8,7,1,1,2
11500,6,3,7.1,1,1,1,6,175,0,28,365,0.00821917808219178,169.0,69000,11,0,2,2,0
8500,11,4,9.0,2,3,0,5,353,0,35,365,0.010958904109589041,236.0,42500,4,3,3,0,2
13500,7,16,4.0,1,2,1,9,-12,1,25,730,0.021917808219178082,16.0,121500,4,5,4,2,2
7500,8,0,0.0,0,0,0,9,4,0,-2,365,0.0,349.0,67500,5,0,0,0,1
11000,5,3,5.4,0,3,0,2,-22,1,22,365,0.00821917808219178,27.0,22000,4,1,4,0,2
49000,9,10,1.7,6,0,1,2,201,0,18,365,0.0273972602739726,277.0,98000,11,6,0,1,2
7500,11,12,2.6,2,1,0,9,249,0,27,365,0.03287671232876712,11.0,67500,1,3,1,0,1
11500,11,27,4.8,6,3,1,3,228,0,0,547,0.04936014625228519,111.0,34500,12,1,2,0,0
11000,14,24,2.8,1,1,0,1,316,0,-7,365,0.06575342465753424,274.0,11000,3,6,0,2,2
6500,6,6,9.9,3,1,0,9,141,0,22,365,0.01643835616438356,198.0,58500,9,2,1,0,2
34000,14,29,9.9,6,1,0,8,153,0,-4,365,0.07945205479452055,268.0,272000,10,4,2,1,2
8500,4,3,7.4,3,3,0,1,248,0,25,365,0.00821917808219178,187.0,8500,1,7,5,0,2
23500,6,11,5.6,5,0,0,2,323,0,14,365,0.030136986301369864,312.0,47000,3,7,3,1,2
18500,5,2,2.6,1,2,0,5,208,0,2,365,0.005479452054794521,101.0,92500,12,1,5,2,0
48000,10,10,1.2,3,2,0,4,49,0,7,182,0.054945054945054944,231.0,192000,6,6,4,1,2
10500,9,15,7.1,6,0,0,1,218,0,29,547,0.027422303473491772,191.0,10500,12,7,3,0,2
7500,6,1,7.8,1,1,0,4,151,0,11,182,0.005494505494505495,100.0,30000,10,7,4,0,1
17500,7,17,8.8,3,1,1,4,226,0,39,365,0.04657534246575343,339.0,70000,12,3,0,2,2
33000,12,2,6.8,1,0,0,5,54,0,15,365,0.005479452054794521,222.0,165000,7,4,1,1,0
20000,7,9,3.3,4,3,0,1,212,0,33,365,0.024657534246575342,138.0,20000,12,1,2,2,2
11000,8,1,2.4,1,0,0,1,334,0,31,730,0.0013698630136986301,211.0,11000,4,4,5,0,0
20000,11,20,0.7,4,3,1,2,335,0,14,547,0.03656307129798903,92.0,40000,4,3,0,1,1
19500,14,16,0.7,2,0,0,2,16,1,1,182,0.08791208791208792,111.0,39000,5,2,5,2,2
17500,11,22,7.9,6,0,0,0,69,0,0,365,0.06027397260273973,109.0,0,7,5,5,2,2
8000,5,7,4.8,5,3,0,3,154,0,2,182,0.038461538461538464,151.0,24000,10,2,4,0,0
8500,13,24,1.5,1,1,0,3,297,0,21,365,0.06575342465753424,98.0,25500,3,6,5,0,2
9000,13,16,7.9,6,3,1,9,85,0,25,730,0.021917808219178082,17.0,81000,8,5,4,0,2
41500,2,1,3.6,0,1,1,2,122,0,7,730,0.0013698630136986301,57.0,83000,9,7,1,1,2
6500,2,0,0.0,0,0,0,0,47,0,0,365,0.0,349.0,0,6,1,3,0,2
7500,11,13,2.0,2,3,0,9,103,0,14,730,0.01780821917808219,145.0,67500,8,3,2,0,2
9500,11,14,7.6,5,1,0,5,229,0,41,365,0.038356164383561646,141.0,47500,12,5,1,0,0
27000,13,6,8.8,1,1,1,4,90,0,26,365,0.01643835616438356,100.0,108000,8,1,1,1,1
6000,2,1,1.8,0,1,1,6,281,0,6,730,0.0013698630136986301,40.0,36000,2,6,1,0,1
7500,3,2,9.8,0,0,0,4,166,0,27,365,0.005479452054794521,250.0,30000,10,4,3,0,0
7500,4,7,7.9,6,2,1,4,100,0,43,547,0.012797074954296161,122.0,30000,8,0,5,0,2
12000,4,8,2.1,0,2,0,8,216,0,-10,365,0.021917808219178082,304.0,96000,12,4,0,2,2
38000,5,5,1.7,0,2,0,1,71,0,36,182,0.027472527472527472,142.0,38000,7,4,0,1,2
11000,4,3,8.7,3,0,0,0,273,0,0,182,0.016483516483516484,249.0,0,2,3,3,0,0
39500,11,6,1.8,6,1,0,2,213,0,34,365,0.01643835616438356,117.0,79000,12,2,2,1,2
17500,9,20,7.2,6,3,0,7,103,0,29,365,0.0547945205479452,198.0,122500,8,6,4,2,2
8500,14,31,7.1,6,3,0,8,348,0,-5,365,0.08493150684931507,337.0,68000,4,1,2,0,0
8000,13,26,3.6,0,1,1,5,-7,0,-2,365,0.07123287671232877,120.0,40000,5,2,4,0,2
40500,10,5,1.0,0,3,0,0,226,0,0,365,0.0136986301369863,63.0,0,12,6,1,1,2
17500,1,1,9.1,1,2,1,6,73,0,30,547,0.0018281535648994515,23.0,105000,7,7,2,2,2
10500,3,4,5.1,2,0,1,3,294,0,24,365,0.010958904109589041,205.0,31500,3,5,0,2,2
11000,5,1,6.0,1,3,0,4,122,0,37,365,0.0027397260273972603,304.0,44000,9,1,4,2,0
36500,6,11,6.5,1,0,0,3,5,1,22,730,0.015068493150684932,118.0,109500,5,5,0,1,0
19000,14,18,6.9,0,3,0,3,176,0,25,365,0.049315068493150684,14.0,57000,11,2,5,1,2
13500,3,0,0.0,0,0,0,7,-9,1,28,547,0.0,349.0,94500,5,0,0,2,2
11000,12,3,1.7,2,1,0,5,103,0,1,730,0.00410958904109589,34.0,55000,8,4,2,0,0
7000,11,14,1.5,4,3,1,2,26,1,30,365,0.038356164383561646,162.0,14000,6,4,5,0,2
8000,11,23,8.2,4,0,0,0,-5,1,0,365,0.06301369863013699,134.0,0,5,4,2,0,0
16500,6,10,9.4,3,0,1,9,-24,1,36,365,0.0273972602739726,219.0,148500,4,3,5,2,2
38000,7,8,2.7,5,3,1,5,146,0,22,365,0.021917808219178082,198.0,190000,10,5,3,1,2
39000,10,23,7.3,5,1,0,5,97,0,25,365,0.06301369863013699,26.0,195000,8,7,2,1,2
13000,11,27,9.8,0,2,1,9,341,0,36,365,0.07397260273972603,332.0,117000,4,6,3,2,1
7000,14,29,9.1,1,0,0,4,231,0,26,365,0.07945205479452055,129.0,28000,12,0,2,0,2
11000,7,16,7.1,4,2,0,0,189,0,0,365,0.043835616438356165,102.0,0,11,5,4,0,2
7500,1,2,9.4,2,2,0,6,259,0,34,365,0.005479452054794521,145.0,45000,1,1,4,0,0
10000,9,10,6.0,0,2,1,0,112,0,0,365,0.0273972602739726,46.0,0,9,2,2,0,2
14500,6,2,8.1,2,3,0,6,226,0,38,365,0.005479452054794521,322.0,87000,12,5,0,2,0
11500,3,2,3.5,1,1,0,5,274,0,34,730,0.0027397260273972603,87.0,57500,2,5,5,0,0
46000,2,2,0.8,0,0,0,9,83,0,22,365,0.005479452054794521,332.0,414000,8,0,3,1,2
8000,10,9,8.3,0,0,0,7,137,0,39,547,0.016453382084095063,223.0,56000,9,2,5,0,2
38500,12,27,6.3,6,0,1,9,297,0,30,547,0.04936014625228519,55.0,346500,3,7,2,1,2
12000,8,0,0.0,0,0,0,0,162,0,0,365,0.0,349.0,0,10,6,1,2,1
14000,9,4,0.8,0,0,0,5,253,0,32,365,0.010958904109589041,191.0,70000,1,4,1,2,2
12000,10,14,4.5,5,0,0,2,356,0,39,547,0.025594149908592323,121.0,24000,5,7,5,0,0
16500,6,4,9.8,2,3,1,3,67,0,9,547,0.007312614259597806,50.0,49500,7,2,0,2,2
44500,8,3,1.1,0,2,0,8,123,0,14,730,0.00410958904109589,138.0,356000,9,0,3,1,2
13500,13,0,0.0,0,0,0,6,32,0,6,365,0.0,349.0,81000,6,1,0,2,2
8500,8,14,1.3,5,1,0,1,244,0,2,365,0.038356164383561646,154.0,8500,1,3,0,0,2
20000,11,19,3.8,3,2,0,2,88,0,2,365,0.052054794520547946,181.0,40000,8,7,4,2,2
6000,11,4,2.3,0,0,0,5,-25,1,-8,365,0.010958904109589041,133.0,30000,4,5,5,0,2
18500,9,13,9.0,5,2,1,8,233,0,18,182,0.07142857142857142,131.0,148000,12,4,0,2,2
15500,10,4,2.3,2,2,0,4,223,0,5,365,0.010958904109589041,237.0,62000,12,1,0,2,1
12000,13,1,1.0,0,1,0,8,-11,1,12,182,0.005494505494505495,58.0,96000,5,4,5,2,2
11000,13,17,1.6,4,0,1,3,293,0,40,730,0.023287671232876714,88.0,33000,3,6,1,0,0
5000,12,5,1.3,0,2,1,9,103,0,19,365,0.0136986301369863,43.0,45000,8,1,4,0,0
20500,9,11,3.4,1,3,1,7,12,1,31,365,0.030136986301369864,231.0,143500,5,0,2,2,2
10500,9,11,3.5,2,2,1,6,329,0,17,365,0.030136986301369864,154.0,63000,4,3,3,2,2
16500,3,2,1.5,2,0,1,5,82,0,-8,365,0.005479452054794521,268.0,82500,8,5,0,2,2
12000,1,2,1.6,0,1,0,0,118,0,0,365,0.005479452054794521,215.0,0,9,0,5,2,2
9500,4,3,4.3,2,1,0,0,40,0,0,547,0.005484460694698354,211.0,0,6,0,2,0,0
7500,7,12,2.5,4,0,0,4,202,0,20,365,0.03287671232876712,279.0,30000,11,6,4,0,1
11500,7,8,6.6,2,3,0,4,20,1,38,365,0.021917808219178082,243.0,46000,6,7,3,2,2
8500,3,1,8.3,1,0,1,6,64,0,3,730,0.0013698630136986301,317.0,51000,7,1,0,0,1
26000,12,23,4.2,6,3,0,0,197,0,0,365,0.06301369863013699,207.0,0,11,3,1,1,2
15000,4,0,0.0,0,0,0,4,309,0,11,365,0.0,349.0,60000,3,2,1,2,0
25500,7,13,6.4,2,2,0,7,288,0,35,547,0.02376599634369287,325.0,178500,2,2,4,1,0
10500,6,1,3.3,0,1,1,1,304,0,-7,365,0.0027397260273972603,143.0,10500,3,1,3,0,2
9000,4,6,5.9,2,1,1,1,345,0,27,730,0.00821917808219178,100.0,9000,4,7,3,0,2
6000,3,5,7.9,5,0,0,2,294,0,14,365,0.0136986301369863,220.0,12000,3,5,0,0,2
44000,4,0,0.0,0,0,0,0,255,0,0,730,0.0,349.0,0,1,5,1,1,2
36500,13,33,4.8,2,0,1,6,246,0,13,365,0.09041095890410959,83.0,219000,1,4,5,1,2
8000,14,7,5.7,0,2,1,2,38,0,25,547,0.012797074954296161,319.0,16000,6,0,2,0,2
9500,2,1,9.5,1,1,0,2,160,0,19,547,0.0018281535648994515,11.0,19000,10,5,2,0,2
16500,1,0,0.0,0,0,0,0,237,0,0,365,0.0,349.0,0,1,1,5,2,2
31500,11,13,5.8,1,3,1,0,42,0,0,365,0.03561643835616438,107.0,0,6,4,5,1,2
18500,5,2,4.9,2,1,0,2,268,0,26,365,0.005479452054794521,71.0,37000,2,7,3,1,1
11000,7,14,2.0,4,1,0,2,246,0,26,365,0.038356164383561646,336.0,22000,1,1,0,0,2
32000,13,21,6.4,5,3,0,7,222,0,15,182,0.11538461538461539,82.0,224000,12,7,5,1,2
10000,1,0,0.0,0,0,0,6,116,0,44,730,0.0,349.0,60000,9,0,4,0,2
39500,3,2,9.6,2,2,0,5,270,0,13,365,0.005479452054794521,231.0,197500,2,4,3,1,1
44000,6,4,2.8,4,2,0,7,167,0,-4,365,0.010958904109589041,321.0,308000,10,1,2,1,2
20500,4,8,10.0,1,3,1,2,255,0,19,365,0.021917808219178082,80.0,41000,1,2,4,2,0
5500,11,4,0.9,1,2,0,0,23,1,0,365,0.010958904109589041,304.0,0,6,1,3,0,1
26500,11,6,2.8,4,3,0,2,-30,1,-1,365,0.01643835616438356,278.0,53000,4,6,0,1,2
6000,11,22,7.0,2,2,0,7,338,0,6,547,0.04021937842778794,95.0,42000,4,7,1,0,2
17000,2,2,7.4,1,3,0,3,61,0,7,365,0.005479452054794521,301.0,51000,7,6,1,2,2
23000,9,18,6.5,2,0,1,0,4,1,0,365,0.049315068493150684,259.0,0,5,1,4,1,0
11000,14,5,3.4,2,1,0,3,177,0,1,547,0.009140767824497258,5.0,33000,11,4,4,0,2
7000,7,17,9.4,4,0,0,2,46,0,31,182,0.09340659340659341,133.0,14000,6,6,0,0,2
21000,3,2,4.9,0,0,0,7,40,0,20,365,0.005479452054794521,217.0,147000,6,0,0,2,2
21000,8,16,2.7,6,3,1,3,325,0,17,547,0.029250457038391225,323.0,63000,4,0,2,2,2
7500,11,29,1.6,6,0,1,2,297,0,13,365,0.07945205479452055,88.0,15000,3,6,1,0,2
18500,12,3,3.0,1,0,0,5,116,0,22,547,0.005484460694698354,68.0,92500,9,0,5,1,2
18500,7,9,5.2,5,2,0,9,-13,0,31,547,0.016453382084095063,21.0,166500,4,1,5,2,1
17000,2,0,0.0,0,0,0,9,242,0,32,547,0.0,349.0,153000,1,1,4,2,1
8500,12,6,2.9,0,2,0,9,172,0,28,547,0.010968921389396709,330.0,76500,10,2,0,0,0
5500,10,4,1.6,1,2,0,0,103,0,0,365,0.010958904109589041,191.0,0,8,2,4,0,0
7500,14,14,9.1,1,0,1,6,204,0,14,365,0.038356164383561646,66.0,45000,12,2,2,0,2
15500,1,0,0.0,0,0,0,2,163,0,9,365,0.0,349.0,31000,10,7,3,2,2
10500,4,1,9.3,0,0,0,0,362,0,0,365,0.0027397260273972603,47.0,0,5,0,1,0,2
9500,3,1,2.0,0,3,0,5,246,0,10,182,0.005494505494505495,156.0,47500,1,2,0,0,2
11000,2,0,0.0,0,0,0,3,216,0,43,365,0.0,349.0,33000,12,6,1,0,2
9000,2,1,4.6,1,3,0,8,-28,0,38,365,0.0027397260273972603,303.0,72000,4,1,5,0,2
40500,3,1,5.2,0,2,0,0,148,0,0,365,0.0027397260273972603,320.0,0,10,5,5,1,2
10500,6,9,1.0,1,3,0,8,227,0,7,365,0.024657534246575342,335.0,84000,12,0,1,0,1
7000,7,7,1.7,3,2,0,0,132,0,0,730,0.009589041095890411,305.0,0,9,0,5,0,2
5500,12,0,0.0,0,0,0,5,347,0,9,365,0.0,349.0,27500,4,0,3,0,2
15000,6,2,0.5,0,1,0,6,89,0,3,365,0.005479452054794521,42.0,90000,8,7,3,2,2
14000,2,0,0.0,0,0,0,0,208,0,0,365,0.0,349.0,0,12,4,2,2,2
9000,8,15,10.0,6,0,0,9,334,0,-4,365,0.0410958904109589,286.0,81000,4,6,3,0,2
7000,12,18,5.0,6,3,0,8,-19,1,21,182,0.0989010989010989,177.0,56000,4,5,3,0,0
6000,8,11,3.7,3,3,1,0,340,0,0,365,0.030136986301369864,285.0,0,4,4,5,0,2
12000,7,7,7.8,4,1,0,0,58,0,0,547,0.012797074954296161,293.0,0,7,0,3,2,2
44500,12,27,1.8,2,0,0,4,-22,1,3,730,0.036986301369863014,230.0,178000,4,1,0,1,2
29000,11,21,3.0,5,2,1,4,102,0,28,547,0.038391224862888484,142.0,116000,8,3,5,1,2
35500,8,19,7.2,0,2,1,4,263,0,26,730,0.026027397260273973,83.0,142000,1,4,5,1,0
32000,4,7,8.8,4,1,1,4,66,0,8,730,0.009589041095890411,244.0,128000,7,0,3,1,2
13000,6,8,7.0,5,1,0,9,195,0,20,730,0.010958904109589041,203.0,117000,11,2,1,2,2
19000,5,7,3.9,2,1,0,0,204,0,0,365,0.019178082191780823,312.0,0,12,4,5,2,2
8000,12,24,3.2,4,0,0,5,65,0,-6,365,0.06575342465753424,276.0,40000,7,6,1,0,2
11000,7,16,8.2,2,2,0,3,175,0,-8,365,0.043835616438356165,323.0,33000,11,6,1,2,2
35000,3,1,7.2,0,0,0,2,104,0,18,182,0.005494505494505495,297.0,70000,8,1,4,1,2
6500,8,18,2.1,1,0,0,8,301,0,9,365,0.049315068493150684,236.0,52000,3,1,4,0,1
10000,12,7,7.7,2,3,0,9,4,1,21,730,0.009589041095890411,135.0,90000,5,1,3,0,2
35500,10,8,9.4,2,0,0,3,-25,1,-1,365,0.021917808219178082,275.0,106500,4,6,4,1,2
6500,5,11,1.0,0,1,0,2,272,0,25,730,0.015068493150684932,17.0,13000,2,2,3,0,2
18000,1,2,8.5,1,3,0,1,328,0,22,365,0.005479452054794521,235.0,18000,4,6,2,2,2
8500,10,22,0.9,3,1,0,1,164,0,16,365,0.06027397260273973,302.0,8500,10,5,0,0,2
6000,12,31,6.2,1,3,0,2,192,0,-9,365,0.08493150684931507,285.0,12000,11,7,4,0,2
7500,9,16,2.7,4,2,0,5,75,0,-6,730,0.021917808219178082,339.0,37500,7,5,2,0,2
9000,13,4,2.6,3,0,0,6,304,0,-6,365,0.010958904109589041,286.0,54000,3,6,5,0,2
7500,9,2,3.9,1,0,1,0,4,0,0,365,0.005479452054794521,97.0,0,5,3,5,0,2
18000,13,4,9.7,2,3,0,2,5,0,25,365,0.010958904109589041,73.0,36000,5,3,3,2,2
10500,11,5,7.4,4,3,1,3,143,0,41,365,0.0136986301369863,289.0,31500,10,4,1,0,2
13500,5,3,5.6,1,0,1,5,308,0,3,365,0.00821917808219178,227.0,67500,3,0,1,2,0
17500,13,18,2.8,3,2,0,4,23,0,5,365,0.049315068493150684,315.0,70000,6,0,4,2,2
11000,4,5,4.3,3,2,1,2,243,0,-3,365,0.0136986301369863,127.0,22000,1,3,5,0,2
20000,1,2,8.3,0,0,0,2,-29,1,24,365,0.005479452054794521,144.0,40000,4,0,3,2,1
20000,13,23,8.8,6,1,0,0,71,0,0,365,0.06301369863013699,279.0,0,7,1,1,2,2
6500,13,24,9.4,4,1,1,1,48,0,-8,365,0.06575342465753424,190.0,6500,6,0,5,0,2
10000,8,4,9.4,0,2,0,5,217,0,-9,547,0.007312614259597806,73.0,50000,12,3,1,0,2
14000,5,11,2.2,2,3,0,1,302,0,29,365,0.030136986301369864,26.0,14000,3,2,1,2,2
10500,6,12,7.1,4,3,0,4,269,0,19,365,0.03287671232876712,315.0,42000,2,7,5,2,2
10500,10,16,9.8,0,0,0,7,203,0,33,182,0.08791208791208792,272.0,73500,12,1,5,0,2
21500,14,4,5.0,1,3,0,3,139,0,37,365,0.010958904109589041,171.0,64500,9,0,5,2,2
11500,8,11,6.0,1,0,1,6,174,0,21,365,0.030136986301369864,108.0,69000,11,6,4,0,2
21000,11,7,8.1,1,3,0,6,132,0,-1,547,0.012797074954296161,142.0,126000,9,1,5,2,2
8000,7,10,8.7,2,3,0,2,72,0,11,547,0.018281535648994516,104.0,16000,7,0,5,0,0
6500,8,20,0.6,0,1,0,4,137,0,40,365,0.0547945205479452,141.0,26000,9,7,4,0,0
8000,10,22,1.9,0,0,0,7,262,0,-4,365,0.06027397260273973,238.0,56000,1,3,2,0,0
5000,2,0,0.0,0,0,0,5,211,0,40,365,0.0,349.0,25000,12,1,1,0,2
17500,9,13,5.0,5,0,0,1,255,0,37,547,0.02376599634369287,175.0,17500,1,4,1,2,0
20500,5,5,4.5,0,2,1,8,41,0,43,182,0.027472527472527472,139.0,164000,6,0,1,2,2
15000,13,25,4.4,0,3,0,1,90,0,22,547,0.04570383912248629,58.0,15000,8,4,2,2,2
12000,2,2,7.5,2,2,0,9,335,0,4,365,0.005479452054794521,289.0,108000,4,3,0,2,2
8000,7,2,1.7,0,0,0,9,358,0,2,365,0.005479452054794521,248.0,72000,5,6,5,0,2
49000,6,13,1.5,5,1,1,5,132,0,31,365,0.03561643835616438,261.0,245000,9,0,2,1,2
13500,7,15,6.6,5,0,0,0,77,0,0,547,0.027422303473491772,245.0,0,7,6,4,2,2
9000,7,12,1.6,6,3,1,9,-7,1,16,365,0.03287671232876712,163.0,81000,5,0,1,0,2
13500,7,17,9.2,1,3,0,3,350,0,-9,547,0.031078610603290677,201.0,40500,4,1,0,2,2
34000,3,0,0.0,0,0,0,5,171,0,-4,730,0.0,349.0,170000,10,3,3,1,2
6000,4,5,1.2,1,1,0,0,363,0,0,547,0.009140767824497258,214.0,0,5,0,5,0,2
11500,5,6,8.7,6,2,1,6,113,0,17,365,0.01643835616438356,257.0,69000,9,3,0,0,1
11000,6,12,4.4,6,1,1,4,126,0,40,365,0.03287671232876712,177.0,44000,9,0,3,0,2
9500,7,15,5.5,1,1,0,0,100,0,0,182,0.08241758241758242,205.0,0,8,6,2,0,1
21500,12,11,3.6,3,1,0,4,182,0,12,365,0.030136986301369864,235.0,86000,11,7,1,1,0
7000,10,4,2.8,0,0,1,5,284,0,44,365,0.010958904109589041,154.0,35000,2,1,1,0,2
28500,7,6,6.5,3,2,1,2,101,0,-9,365,0.01643835616438356,267.0,57000,8,7,4,1,1
8500,5,0,0.0,0,0,0,8,221,0,43,365,0.0,349.0,68000,12,4,0,0,2
8000,3,5,2.1,3,3,0,0,298,0,0,365,0.0136986301369863,150.0,0,3,4,5,0,1
11500,13,24,5.8,1,1,1,5,-25,1,35,365,0.06575342465753424,165.0,57500,4,5,3,2,2
5000,13,0,0.0,0,0,0,2,-28,0,38,547,0.0,349.0,10000,4,7,3,0,2
9500,2,1,2.6,0,3,0,2,144,0,24,365,0.0027397260273972603,154.0,19000,10,3,5,0,0
17500,13,25,3.9,1,3,0,4,117,0,8,730,0.03424657534246575,98.0,70000,9,2,1,2,2
9500,9,23,2.4,2,2,0,8,194,0,11,365,0.06301369863013699,335.0,76000,11,2,1,0,2
10000,1,0,0.0,0,0,0,2,256,0,1,547,0.0,349.0,20000,1,6,4,0,2
21500,10,4,10.0,3,2,0,2,306,0,6,182,0.02197802197802198,47.0,43000,3,3,2,2,2
26500,13,18,5.3,5,3,0,3,75,0,16,365,0.049315068493150684,269.0,79500,7,4,2,1,2
11500,8,18,1.9,5,1,0,8,192,0,28,365,0.049315068493150684,21.0,92000,11,4,2,0,2
21500,4,3,2.3,1,3,0,5,108,0,23,365,0.00821917808219178,6.0,107500,8,6,1,2,2
9500,14,29,3.6,5,3,0,1,221,0,38,365,0.07945205479452055,240.0,9500,12,4,4,0,0
41000,5,6,5.4,3,2,0,7,255,0,1,365,0.01643835616438356,56.0,287000,1,4,4,1,2
45000,14,4,6.8,4,3,0,9,-3,1,37,730,0.005479452054794521,12.0,405000,5,6,4,1,1
16000,1,0,0.0,0,0,0,6,118,0,43,730,0.0,349.0,96000,9,2,0,2,2
8000,3,0,0.0,0,0,0,6,59,0,8,365,0.0,349.0,48000,7,1,4,0,0
5500,11,11,4.3,3,1,1,9,208,0,16,547,0.02010968921389397,250.0,49500,12,2,0,0,2
31500,7,1,6.9,1,0,0,1,253,0,31,365,0.0027397260273972603,234.0,31500,1,4,5,1,2
6000,8,1,4.7,1,2,0,3,266,0,0,365,0.0027397260273972603,203.0,18000,2,5,3,0,2
20000,1,0,0.0,0,0,0,0,211,0,0,365,0.0,349.0,0,12,0,2,2,2
8000,11,6,7.7,2,3,0,9,238,0,26,182,0.03296703296703297,80.0,72000,1,1,0,0,2
13000,9,12,7.6,2,1,0,6,-1,1,10,365,0.03287671232876712,224.0,78000,5,7,0,2,0
12500,7,16,3.9,3,2,0,1,20,1,5,547,0.029250457038391225,189.0,12500,6,3,4,2,0
10500,1,2,1.2,1,3,0,6,85,0,-9,365,0.005479452054794521,81.0,63000,8,2,3,0,2
30000,1,1,3.0,0,0,0,8,139,0,44,365,0.0027397260273972603,228.0,240000,9,4,2,1,2
7000,9,0,0.0,0,0,0,3,282,0,13,365,0.0,349.0,21000,2,4,3,0,2
8500,10,18,9.3,1,3,0,6,197,0,23,365,0.049315068493150684,348.0,51000,11,3,4,0,0
12000,10,21,6.5,4,0,0,7,121,0,3,365,0.057534246575342465,187.0,84000,9,7,0,2,2
22000,9,19,1.5,2,3,0,1,359,0,21,547,0.03473491773308958,212.0,22000,5,7,1,2,2
46500,9,15,6.7,3,2,0,2,336,0,-4,365,0.0410958904109589,327.0,93000,4,5,1,1,2
8500,11,10,9.1,2,3,0,1,198,0,39,182,0.054945054945054944,196.0,8500,11,1,3,0,2
20000,9,4,2.4,1,1,0,4,276,0,7,365,0.010958904109589041,218.0,80000,2,5,3,2,1
9500,13,23,4.2,3,0,0,3,353,0,32,365,0.06301369863013699,37.0,28500,4,5,4,0,2
6000,14,18,7.2,6,1,0,7,75,0,-9,365,0.049315068493150684,150.0,42000,7,0,0,0,2
10000,7,11,3.5,0,1,0,8,217,0,7,365,0.030136986301369864,245.0,80000,12,5,1,0,0
26000,4,1,1.5,0,0,1,3,97,0,-9,365,0.0027397260273972603,164.0,78000,8,1,0,1,2
8000,10,15,6.8,0,2,0,8,-13,1,31,730,0.02054794520547945,60.0,64000,4,6,1,0,0
16500,4,8,8.4,2,3,0,2,104,0,11,365,0.021917808219178082,221.0,33000,8,0,1,2,2
16000,3,4,3.9,1,1,0,3,37,0,10,365,0.010958904109589041,173.0,48000,6,6,3,2,2
10500,9,2,2.4,0,3,0,2,23,1,44,365,0.005479452054794521,72.0,21000,6,2,4,0,2
10000,8,12,5.1,1,2,0,0,0,1,0,730,0.01643835616438356,348.0,0,5,7,0,0,2
38000,7,3,9.5,2,0,0,0,333,0,0,365,0.00821917808219178,205.0,0,4,5,5,1,2
37000,8,18,4.6,6,1,0,1,95,0,-10,365,0.049315068493150684,20.0,37000,8,2,2,1,2
10500,12,3,6.2,3,2,1,3,190,0,19,547,0.005484460694698354,137.0,31500,11,5,0,0,1
11000,11,21,4.2,6,1,0,9,135,0,35,365,0.057534246575342465,100.0,99000,9,3,4,0,0
6000,3,2,7.0,1,3,0,1,136,0,27,365,0.005479452054794521,283.0,6000,9,4,5,0,1
13500,13,9,1.9,6,1,1,0,182,0,0,365,0.024657534246575342,100.0,0,11,2,4,2,2
14000,3,1,1.2,0,3,1,4,172,0,27,730,0.0013698630136986301,41.0,56000,10,1,0,2,2
10500,13,4,9.0,4,3,1,1,138,0,3,365,0.010958904109589041,347.0,10500,9,7,2,0,0
40500,8,9,4.5,4,0,0,1,159,0,8,365,0.024657534246575342,173.0,40500,10,1,4,1,2
8000,9,4,8.2,0,3,0,6,310,0,23,547,0.007312614259597806,153.0,48000,3,6,2,0,2
7000,1,2,9.5,0,3,0,9,354,0,41,365,0.005479452054794521,84.0,63000,5,5,2,0,1
18000,11,10,7.9,2,1,0,4,299,0,5,365,0.0273972602739726,257.0,72000,3,2,3,2,1
10000,13,0,0.0,0,0,0,6,54,0,4,365,0.0,349.0,60000,7,0,4,0,2
12000,12,4,5.0,4,0,0,3,78,0,12,365,0.010958904109589041,166.0,36000,7,4,5,0,2
10500,7,17,0.9,2,3,0,8,335,0,36,365,0.04657534246575343,237.0,84000,4,0,5,0,2
18500,4,3,0.7,1,0,0,6,145,0,4,547,0.005484460694698354,278.0,111000,10,3,4,2,0
11500,4,2,6.2,1,0,0,1,98,0,10,365,0.005479452054794521,344.0,11500,8,5,2,0,0
45000,8,12,4.2,4,1,0,6,150,0,43,365,0.03287671232876712,185.0,270000,10,2,1,1,2
11500,11,5,3.6,0,0,0,0,43,0,0,365,0.0136986301369863,116.0,0,6,5,2,0,2
5500,8,12,2.3,4,0,1,4,1,1,4,547,0.021937842778793418,312.0,22000,5,5,3,0,2
10000,2,0,0.0,0,0,0,7,37,0,42,365,0.0,349.0,70000,6,3,1,0,2
45500,3,2,4.5,0,0,0,3,363,0,21,365,0.005479452054794521,304.0,136500,5,7,0,1,2
35000,9,16,9.7,1,3,0,3,242,0,43,365,0.043835616438356165,102.0,105000,1,4,0,1,1
8500,11,29,6.1,5,0,1,2,198,0,38,182,0.15934065934065933,279.0,17000,11,5,3,0,2
49000,6,0,0.0,0,0,0,5,190,0,-8,730,0.0,349.0,245000,11,3,2,1,2
15500,6,14,9.3,2,1,0,9,29,1,17,547,0.025594149908592323,239.0,139500,6,3,4,2,0
16000,6,14,3.9,4,0,1,5,291,0,24,365,0.038356164383561646,297.0,80000,2,5,2,2,2
23500,2,0,0.0,0,0,0,8,91,0,0,547,0.0,349.0,188000,8,2,2,1,1
18000,1,0,0.0,0,0,0,9,23,0,32,365,0.0,349.0,162000,6,4,3,1,2
5500,1,1,3.3,1,1,1,1,158,0,6,730,0.0013698630136986301,130.0,5500,10,0,4,0,0
11500,1,0,0.0,0,0,0,8,290,0,31,547,0.0,349.0,92000,2,2,4,0,2
46500,4,1,8.4,0,3,0,4,221,0,34,182,0.005494505494505495,221.0,186000,12,2,3,1,2
10000,10,15,7.4,6,2,1,0,187,0,0,365,0.0410958904109589,76.0,0,11,6,2,2,0
10000,5,5,1.8,3,1,0,4,91,0,36,365,0.0136986301369863,139.0,40000,8,5,0,0,0
12000,12,2,2.9,1,3,0,8,25,1,5,365,0.005479452054794521,104.0,96000,6,0,1,0,1
9000,2,0,0.0,0,0,0,8,101,0,7,365,0.0,349.0,72000,8,4,0,0,2
18000,5,10,9.5,3,0,0,7,65,0,44,365,0.0273972602739726,186.0,126000,7,4,0,2,2
8000,6,6,0.7,4,0,0,0,7,1,0,365,0.01643835616438356,140.0,0,5,4,4,0,2
35500,6,11,4.8,5,2,0,3,110,0,10,182,0.06043956043956044,125.0,106500,8,1,2,1,2
9000,7,12,3.0,2,2,0,0,279,0,0,365,0.03287671232876712,121.0,0,2,6,4,0,1
11500,6,2,5.0,2,1,1,2,244,0,7,365,0.005479452054794521,86.0,23000,1,1,4,0,2
6000,2,1,5.8,0,0,0,7,68,0,-8,365,0.0027397260273972603,231.0,42000,7,7,2,0,2
35500,11,9,8.3,0,1,1,7,222,0,26,365,0.024657534246575342,126.0,248500,12,0,4,1,0
18500,6,10,5.3,2,1,1,4,5,1,1,547,0.018281535648994516,105.0,74000,5,0,1,1,1
6000,6,4,8.4,1,0,0,6,112,0,10,365,0.010958904109589041,146.0,36000,9,7,5,0,0
10500,5,9,4.8,6,3,0,9,-30,0,-3,365,0.024657534246575342,30.0,94500,4,7,3,0,2
33000,12,24,3.5,3,3,0,4,2,0,1,547,0.043875685557586835,291.0,132000,5,3,5,1,0
7500,4,1,1.4,0,2,0,0,47,0,0,547,0.0018281535648994515,220.0,0,6,4,3,0,2
7000,2,2,8.8,0,2,0,5,334,0,24,730,0.0027397260273972603,332.0,35000,4,1,3,0,2
9500,6,6,4.7,4,1,0,9,349,0,43,547,0.010968921389396709,196.0,85500,4,6,5,0,0
15500,6,4,2.9,4,3,0,0,364,0,0,365,0.010958904109589041,345.0,0,5,7,4,2,2
15000,4,5,2.3,2,3,0,2,209,0,32,365,0.0136986301369863,262.0,30000,12,6,3,2,2
8500,3,0,0.0,0,0,0,1,308,0,34,365,0.0,349.0,8500,3,7,3,0,2
10000,6,10,5.4,5,3,1,9,290,0,6,547,0.018281535648994516,48.0,90000,2,6,0,0,2
8500,2,2,2.4,0,3,0,7,276,0,16,730,0.0027397260273972603,120.0,59500,2,7,3,0,0
38000,6,10,4.3,2,3,1,0,-9,1,0,365,0.0273972602739726,192.0,0,5,7,4,1,2
48500,10,16,9.6,1,1,0,0,202,0,0,365,0.043835616438356165,299.0,0,11,7,5,1,2
6000,8,8,7.3,4,2,1,4,306,0,44,730,0.010958904109589041,312.0,24000,3,1,4,0,2
23000,5,2,6.4,1,0,0,6,-29,0,3,365,0.005479452054794521,115.0,138000,4,0,0,1,2
5500,10,8,2.6,3,0,0,2,24,0,-4,365,0.021917808219178082,148.0,11000,6,5,2,0,2
6000,6,3,7.7,1,2,0,8,338,0,7,365,0.00821917808219178,7.0,48000,4,5,5,0,2
45000,1,0,0.0,0,0,0,4,109,0,-10,365,0.0,349.0,180000,8,0,5,1,2
11000,10,11,8.8,3,1,0,2,111,0,-1,730,0.015068493150684932,198.0,22000,8,5,4,0,0
17500,1,2,2.7,2,2,0,7,291,0,3,547,0.003656307129798903,299.0,122500,2,1,0,2,2
5500,4,2,6.2,1,1,1,2,44,0,7,547,0.003656307129798903,324.0,11000,6,7,1,0,2
31000,1,2,8.1,0,2,1,7,204,0,40,730,0.0027397260273972603,260.0,217000,12,1,5,1,2
5500,8,18,8.3,2,1,1,1,62,0,10,730,0.024657534246575342,96.0,5500,7,5,0,0,2
19500,13,20,6.1,4,2,0,3,290,0,34,365,0.0547945205479452,179.0,58500,2,6,1,2,0
8000,8,6,3.3,3,3,0,7,133,0,38,365,0.01643835616438356,53.0,56000,9,0,5,0,0
10000,5,0,0.0,0,0,0,7,-26,1,7,730,0.0,349.0,70000,4,2,0,0,2
7500,7,4,2.7,4,0,0,7,77,0,-3,365,0.010958904109589041,335.0,52500,7,0,5,0,0
12000,4,7,9.9,2,3,0,7,86,0,19,365,0.019178082191780823,213.0,84000,8,4,4,0,2
7500,10,12,4.3,4,0,1,5,105,0,23,365,0.03287671232876712,104.0,37500,8,3,0,0,2
11000,6,5,1.4,2,3,1,8,-16,1,20,365,0.0136986301369863,249.0,88000,4,5,1,0,2
10500,5,8,6.5,6,3,0,0,48,0,0,365,0.021917808219178082,21.0,0,6,7,3,0,0
14000,1,0,0.0,0,0,0,0,240,0,0,365,0.0,349.0,0,1,4,3,2,0
14000,13,25,5.4,3,2,1,3,265,0,-3,365,0.0684931506849315,198.0,42000,2,6,0,2,2
6500,2,0,0.0,0,0,0,5,333,0,29,730,0.0,349.0,32500,4,0,0,0,2
11000,9,4,9.3,0,0,0,4,250,0,39,547,0.007312614259597806,283.0,44000,1,7,4,2,2
20000,5,11,0.9,3,2,1,4,-15,1,37,365,0.030136986301369864,196.0,80000,4,1,1,2,1
8500,2,1,7.2,0,0,1,1,-11,1,11,365,0.0027397260273972603,14.0,8500,5,5,3,0,2
19500,10,24,1.4,3,2,0,9,273,0,4,365,0.06575342465753424,285.0,175500,2,6,4,2,0
15500,2,2,2.8,1,1,0,5,130,0,-6,365,0.005479452054794521,65.0,77500,9,5,1,2,2
21000,5,4,1.7,0,0,0,0,171,0,0,547,0.007312614259597806,55.0,0,10,4,5,2,1
12500,10,21,8.1,1,1,0,3,238,0,39,365,0.057534246575342465,70.0,37500,1,1,0,2,2
12000,10,14,5.9,1,2,0,7,73,0,25,365,0.038356164383561646,114.0,84000,7,2,2,2,2
8500,12,8,9.4,6,2,0,4,139,0,44,365,0.021917808219178082,274.0,34000,9,0,1,0,2
26500,5,6,9.0,0,3,1,2,255,0,17,365,0.01643835616438356,292.0,53000,1,2,0,1,2
34000,1,2,4.6,0,0,0,9,338,0,-1,365,0.005479452054794521,291.0,306000,4,2,3,1,2
11000,3,5,7.6,5,1,0,3,234,0,22,365,0.0136986301369863,161.0,33000,1,2,1,0,2
35000,10,13,4.8,1,1,0,5,355,0,-3,365,0.03561643835616438,220.0,175000,5,6,5,1,2
11000,8,15,9.2,5,1,1,0,114,0,0,365,0.0410958904109589,167.0,0,9,3,2,0,2
12000,12,2,9.0,2,2,0,4,226,0,-9,365,0.005479452054794521,212.0,48000,12,4,4,0,2
18500,7,0,0.0,0,0,0,1,103,0,19,730,0.0,349.0,18500,8,2,3,2,2
11500,2,2,5.5,2,2,0,6,46,0,18,547,0.003656307129798903,167.0,69000,6,7,4,2,2
18500,12,21,2.6,4,3,0,5,73,0,20,365,0.057534246575342465,183.0,92500,7,3,3,2,2
17000,8,3,5.8,3,1,1,7,162,0,25,547,0.005484460694698354,32.0,119000,10,6,5,2,2
6000,10,3,2.1,1,0,0,6,226,0,-7,365,0.00821917808219178,110.0,36000,12,5,0,0,0
17500,10,1,4.4,1,2,0,6,42,0,28,365,0.0027397260273972603,283.0,105000,6,4,2,2,0
14000,4,5,4.7,3,2,1,8,244,0,41,730,0.00684931506849315,346.0,112000,1,1,5,2,0
7500,2,1,9.9,1,1,1,4,325,0,13,730,0.0013698630136986301,130.0,30000,4,2,0,0,2
7500,6,11,9.7,3,3,0,4,70,0,21,365,0.030136986301369864,107.0,30000,7,5,1,0,2
10000,14,20,9.0,1,3,0,5,196,0,-2,547,0.03656307129798903,109.0,50000,11,1,0,0,2
7000,2,2,4.3,0,1,0,0,51,0,0,365,0.005479452054794521,270.0,0,7,2,5,0,1
11000,14,15,0.8,5,2,0,5,219,0,27,730,0.02054794520547945,60.0,55000,12,6,5,2,2
5500,1,2,8.9,1,0,0,5,121,0,-6,730,0.0027397260273972603,196.0,27500,9,0,5,0,2
6500,10,11,1.0,1,0,0,0,220,0,0,365,0.030136986301369864,22.0,0,12,1,5,0,2
11500,3,3,2.9,1,2,0,2,21,1,41,365,0.00821917808219178,171.0,23000,6,0,3,2,2
14500,12,21,4.5,4,2,0,9,52,0,16,547,0.038391224862888484,134.0,130500,7,3,0,2,2
20000,9,12,1.6,2,0,0,8,168,0,28,547,0.021937842778793418,44.0,160000,10,6,0,2,0
9000,11,23,4.9,3,1,1,0,364,0,0,182,0.12637362637362637,16.0,0,5,1,5,0,2
22500,1,1,9.2,0,0,1,1,364,0,44,365,0.0027397260273972603,161.0,22500,5,2,3,1,2
6000,6,12,9.0,4,1,1,5,55,0,-1,365,0.03287671232876712,269.0,30000,7,5,5,0,2
9500,11,19,8.8,3,0,0,4,209,0,-7,547,0.03473491773308958,143.0,38000,12,0,3,0,2
43000,11,5,8.9,3,1,0,1,67,0,21,365,0.0136986301369863,243.0,43000,7,7,5,1,2
19500,2,2,2.7,1,3,1,0,82,0,0,365,0.005479452054794521,279.0,0,8,0,4,2,2
23500,2,2,6.1,2,0,1,9,155,0,-9,365,0.005479452054794521,102.0,211500,10,7,0,1,2
16500,8,16,5.6,5,1,0,4,258,0,12,182,0.08791208791208792,302.0,66000,1,6,4,2,0
38500,13,0,0.0,0,0,0,0,247,0,0,547,0.0,349.0,0,1,0,0,1,2
8500,2,2,2.7,2,1,1,7,64,0,24,547,0.003656307129798903,13.0,59500,7,7,5,0,0
6500,2,2,9.4,2,2,0,2,299,0,5,365,0.005479452054794521,239.0,13000,3,3,5,0,0
9000,3,3,1.2,3,3,1,5,62,0,44,365,0.00821917808219178,218.0,45000,7,2,4,0,2
23500,6,13,5.6,0,3,0,0,106,0,0,365,0.03561643835616438,334.0,0,8,1,0,1,2
21000,8,13,6.6,0,1,0,3,18,1,25,365,0.03561643835616438,123.0,63000,5,1,3,2,0
35500,8,8,2.7,6,0,0,1,339,0,24,365,0.021917808219178082,286.0,35500,4,2,2,1,2
31000,5,4,4.9,1,2,0,6,11,1,38,365,0.010958904109589041,132.0,186000,5,3,3,1,2
10500,11,25,8.8,4,2,0,3,115,0,44,730,0.03424657534246575,339.0,31500,9,6,1,2,1
8000,6,6,7.4,3,2,0,0,204,0,0,365,0.01643835616438356,19.0,0,12,4,4,0,2
14500,14,27,7.3,3,0,0,2,185,0,31,365,0.07397260273972603,225.0,29000,11,5,5,2,1
17500,7,14,3.5,0,3,1,4,154,0,37,365,0.038356164383561646,208.0,70000,10,3,2,2,2
17500,9,6,2.8,2,0,0,0,-21,1,0,547,0.010968921389396709,306.0,0,4,3,0,2,2
18000,7,3,8.2,1,3,0,3,267,0,36,365,0.00821917808219178,176.0,54000,2,3,3,2,2
35000,2,2,5.6,1,0,0,3,38,0,41,365,0.005479452054794521,281.0,105000,6,5,0,1,0
18500,2,0,0.0,0,0,0,0,193,0,0,365,0.0,349.0,0,11,5,5,1,0
7500,7,15,1.9,6,0,1,9,-13,0,27,365,0.0410958904109589,202.0,67500,4,5,5,0,2
11500,13,19,5.7,2,3,0,4,31,0,37,730,0.026027397260273973,311.0,46000,6,4,2,0,2
11000,6,9,2.5,3,2,0,5,130,0,30,365,0.024657534246575342,53.0,55000,9,6,1,0,2
21000,11,10,6.6,6,2,1,3,35,0,20,730,0.0136986301369863,197.0,63000,6,7,1,1,0
7000,9,22,0.8,0,2,1,6,276,0,0,547,0.04021937842778794,196.0,42000,2,4,2,0,0
43500,7,8,3.7,1,1,0,7,55,0,15,365,0.021917808219178082,99.0,304500,7,4,3,1,2
27500,5,6,4.8,2,2,0,6,266,0,22,365,0.01643835616438356,208.0,165000,2,4,1,1,2
7500,3,0,0.0,0,0,0,6,-30,0,31,182,0.0,349.0,45000,4,1,3,0,0
41000,14,18,5.7,3,2,1,9,104,0,0,365,0.049315068493150684,177.0,369000,8,1,4,1,2
9000,12,30,8.1,5,2,0,5,228,0,42,365,0.0821917808219178,341.0,45000,12,0,0,0,2
12000,1,0,0.0,0,0,0,6,90,0,19,365,0.0,349.0,72000,8,3,1,2,0
12000,5,0,0.0,0,0,0,4,195,0,12,730,0.0,349.0,48000,11,4,3,0,2
16000,7,8,3.7,6,2,0,9,301,0,32,365,0.021917808219178082,35.0,144000,3,5,2,2,2
13000,13,24,8.4,4,0,0,7,239,0,13,365,0.06575342465753424,36.0,91000,1,1,5,2,0
11000,4,6,5.8,5,0,0,7,5,1,24,547,0.010968921389396709,272.0,77000,5,3,0,2,2
8000,8,1,2.6,1,3,1,5,311,0,43,730,0.0013698630136986301,150.0,40000,3,0,5,0,2
30000,12,2,3.8,2,1,0,8,153,0,-2,365,0.005479452054794521,218.0,240000,10,7,2,1,0
33500,12,17,1.2,0,3,0,4,91,0,1,365,0.04657534246575343,242.0,134000,8,2,2,1,2
6500,1,2,9.7,0,1,0,6,26,0,14,547,0.003656307129798903,146.0,39000,6,6,1,0,0
11500,7,7,4.3,6,0,1,0,151,0,0,365,0.019178082191780823,313.0,0,10,5,0,0,2
11500,14,31,3.5,5,2,0,0,235,0,0,365,0.08493150684931507,104.0,0,1,0,5,2,2
6500,12,25,7.6,5,1,0,6,87,0,19,730,0.03424657534246575,60.0,39000,8,7,2,0,0
17500,8,15,5.6,1,3,1,4,7,0,2,365,0.0410958904109589,41.0,70000,5,3,3,2,1
18500,14,14,6.7,0,2,1,4,76,0,2,182,0.07692307692307693,55.0,74000,7,1,5,1,0
24500,3,2,5.5,1,0,0,6,192,0,13,730,0.0027397260273972603,107.0,147000,11,0,5,1,1
14000,1,2,7.7,0,0,0,7,311,0,30,182,0.01098901098901099,264.0,98000,3,2,1,2,2
5500,7,8,3.1,0,1,1,6,311,0,6,547,0.014625228519195612,266.0,33000,3,0,0,0,2
11000,3,2,8.5,1,2,1,9,3,1,21,365,0.005479452054794521,172.0,99000,5,0,5,2,2
9000,1,1,1.3,0,0,0,8,335,0,13,547,0.0018281535648994515,206.0,72000,4,0,2,0,2
33500,6,8,0.7,3,1,0,2,356,0,44,365,0.021917808219178082,331.0,67000,5,5,3,1,2
6000,11,24,7.7,0,2,0,0,268,0,0,182,0.13186813186813187,81.0,0,2,7,5,0,2
9500,9,11,1.5,0,1,1,3,-30,1,4,365,0.030136986301369864,132.0,28500,4,6,3,0,2
19000,10,14,4.2,2,1,1,6,239,0,38,365,0.038356164383561646,287.0,114000,1,4,2,1,1
9500,14,25,9.8,1,0,0,8,154,0,28,547,0.04570383912248629,72.0,76000,10,5,1,0,2
43500,5,0,0.0,0,0,0,9,328,0,21,182,0.0,349.0,391500,4,3,5,1,2
6000,11,23,1.2,1,0,0,5,245,0,26,365,0.06301369863013699,275.0,30000,1,6,3,0,0
6500,10,13,7.3,6,1,0,6,350,0,35,365,0.03561643835616438,144.0,39000,4,3,3,0,2
11500,4,4,4.2,3,2,0,7,129,0,4,365,0.010958904109589041,120.0,80500,9,1,3,0,2
8000,7,6,4.6,2,1,0,4,249,0,44,365,0.01643835616438356,340.0,32000,1,7,1,0,2
11500,1,0,0.0,0,0,0,7,305,0,37,365,0.0,349.0,80500,3,3,4,0,1
6000,14,9,7.9,6,3,0,5,325,0,44,365,0.024657534246575342,211.0,30000,4,1,2,0,2
16000,7,4,9.9,2,2,1,6,154,0,22,365,0.010958904109589041,217.0,96000,10,7,5,2,2
17000,3,3,4.5,3,3,1,0,237,0,0,730,0.00410958904109589,320.0,0,1,2,4,2,2
7000,12,8,2.4,6,3,0,6,54,0,9,547,0.014625228519195612,242.0,42000,7,0,2,0,2
8000,3,1,5.8,0,1,0,5,23,1,5,365,0.0027397260273972603,182.0,40000,6,1,2,0,2
19500,8,0,0.0,0,0,0,2,-16,1,18,730,0.0,349.0,39000,4,2,1,2,2
6000,6,10,2.7,0,0,0,9,70,0,40,547,0.018281535648994516,265.0,54000,7,3,4,0,2
32500,12,28,5.8,0,2,0,7,349,0,41,730,0.038356164383561646,99.0,227500,4,0,5,1,1
8000,2,1,7.0,1,3,0,6,201,0,-6,365,0.0027397260273972603,92.0,48000,11,3,0,0,2
21500,2,0,0.0,0,0,0,2,195,0,3,182,0.0,349.0,43000,11,1,5,2,2
25500,7,1,0.7,1,3,1,7,221,0,24,365,0.0027397260273972603,180.0,178500,12,4,2,1,0
9500,14,25,9.6,6,0,0,0,78,0,0,547,0.04570383912248629,12.0,0,7,0,3,0,2
17500,5,1,0.6,1,2,1,6,81,0,-3,365,0.0027397260273972603,135.0,105000,8,4,5,2,2
12500,1,0,0.0,0,0,0,6,101,0,23,365,0.0,349.0,75000,8,1,4,2,1
22000,12,2,5.4,1,2,0,7,349,0,16,547,0.003656307129798903,262.0,154000,4,1,1,2,2
11500,2,1,8.2,0,3,0,5,64,0,40,365,0.0027397260273972603,79.0,57500,7,0,2,2,2
11000,7,16,1.9,5,0,0,2,53,0,5,547,0.029250457038391225,96.0,22000,7,4,1,0,0
23500,5,0,0.0,0,0,0,0,266,0,0,730,0.0,349.0,0,2,7,2,1,0
33500,6,7,5.7,5,0,0,0,308,0,0,730,0.009589041095890411,93.0,0,3,6,3,1,2
13500,7,9,6.7,2,2,0,3,181,0,11,365,0.024657534246575342,150.0,40500,11,6,3,2,2
13000,2,2,6.1,0,1,0,4,116,0,19,730,0.0027397260273972603,182.0,52000,9,4,4,2,2
36000,8,14,2.6,1,1,0,1,145,0,10,365,0.038356164383561646,39.0,36000,10,0,5,1,2
